ticker,sector,industry,value_sleeve,defensive_value_index,growth_tech_index,dual_pass_member,roe,roic,debt_to_equity,ev_ebitda,pb_ratio,mktcap_to_assets,earnings_stability,buffett_pass,trifecta_pass,dual_pass,failed_legs,n_failed_legs,candidacy,decision,exclude_reasons
TDW,Energy,Oil & Gas Equipment,,False,True,False,,,,,2.71,0.926,,False,False,False,"roe,roic,de,ev,pb,mca",6,EXCLUDE,AVOID,
SATS,Communication Services,Telecom/Satellite,,False,True,False,,,,,5.34,1.506,,False,False,False,"roe,roic,de,ev,pb,mca",6,EXCLUDE,AVOID,
DUK,Utilities,Electric Utilities,,True,False,False,0.09,0.05,1.5,,1.83,0.544,0.88,False,False,False,"roe,roic,de,ev,pb,mca",6,EXCLUDE,AVOID,
BX,Financials,Capital Markets,,False,False,False,,,,,11.43,4.009,,False,False,False,"roe,roic,de,ev,pb,mca",6,EXCLUDE,AVOID,
LRCX,Information Technology,Semiconductor Equipment,,False,True,False,,,,,35.53,10.751,,False,False,False,"roe,roic,de,ev,pb,mca",6,EXCLUDE,AVOID,
AEP,Utilities,Electric Utilities,,True,False,False,0.1,0.05,1.5,,2.19,0.698,0.86,False,False,False,"roe,roic,de,ev,pb,mca",6,EXCLUDE,AVOID,
EXR,,,,False,False,False,0.07081210697484638,0.034617080168797415,1.0455828923051076,17.20360517229032,2.0555983880781037,0.9418150426309421,5.816466162684859,False,False,False,"roe,roic,de,ev,pb,mca",6,EXCLUDE,AVOID,
STM,Information Technology,Semiconductors,,False,True,False,,,,,2.63,1.346,,False,False,False,"roe,roic,de,ev,pb,mca",6,EXCLUDE,AVOID,
MPC,Energy,Oil & Gas Refining,,True,False,False,,,,,5.48,1.407,,False,False,False,"roe,roic,de,ev,pb,mca",6,EXCLUDE,AVOID,
EVRG,,,,False,False,False,0.08684993009471674,0.03388404672548967,1.5631510544867377,12.419964607928048,1.8437994454085465,0.5430950929407492,1.4401673246048032,False,False,False,"roe,roic,de,ev,pb,mca",6,EXCLUDE,AVOID,
ETR,,,,False,False,False,0.10386452417776919,0.035049208266621515,1.963391452031249,13.235650847939814,3.00610511584584,0.6879060545156608,2.8444142865703816,False,False,False,"roe,roic,de,ev,pb,mca",6,EXCLUDE,AVOID,
PPL,,,,False,False,False,0.08116385911179173,0.034574694386930255,1.3474931753112724,12.619885913027234,1.9457742908101112,0.6311243968917818,3.3427200480531933,False,False,False,"roe,roic,de,ev,pb,mca",6,EXCLUDE,AVOID,
SPCX,Industrials,Aerospace & Defense,,False,True,False,,,,,18.38,36.053,,False,False,False,"roe,roic,de,ev,pb,mca",6,EXCLUDE,AVOID,
TTMI,Information Technology,Electronic Components,,False,True,False,,,,,6.72,3.528,,False,False,False,"roe,roic,de,ev,pb,mca",6,EXCLUDE,AVOID,
VLO,Energy,Oil & Gas Refining,,True,False,False,,,,,3.85,1.414,,False,False,False,"roe,roic,de,ev,pb,mca",6,EXCLUDE,AVOID,
BA,Industrials,Aerospace & Defense,,False,True,False,0.0,0.02,5.0,,27.43,,0.4,False,False,False,"roe,roic,de,ev,pb,mca",6,EXCLUDE,AVOID,
FANG,Energy,Oil & Gas E&P,,True,False,False,,,,,1.55,1.026,,False,False,False,"roe,roic,de,ev,pb,mca",6,EXCLUDE,AVOID,
RKLB,Industrials,Aerospace & Defense,,False,True,False,,,,,16.35,16.076,,False,False,False,"roe,roic,de,ev,pb,mca",6,EXCLUDE,AVOID,
GD,Industrials,Aerospace & Defense,,False,True,False,,,,,3.82,1.864,,False,False,False,"roe,roic,de,ev,pb,mca",6,EXCLUDE,AVOID,
IRDM,Communication Services,Telecom Services,,False,True,False,,,,,10.48,1.65,,False,False,False,"roe,roic,de,ev,pb,mca",6,EXCLUDE,AVOID,
VAL,Energy,Oil & Gas Drilling,,False,True,False,,,,,1.69,1.193,,False,False,False,"roe,roic,de,ev,pb,mca",6,EXCLUDE,AVOID,
QQQ,ETF,ETF—Nasdaq 100,,False,True,False,,,,,,,,False,False,False,"roe,roic,de,ev,pb,mca",6,EXCLUDE,AVOID,
APTV,,,,False,False,False,0.039532113072674104,0.019090956639991632,1.0707245748944005,9.708811751261532,1.59156611193888,0.5830627271170764,0.28420362395523113,False,False,False,"roe,roic,de,ev,pb,mca",6,EXCLUDE,AVOID,
IRM,,,,False,False,False,,0.014986697918673785,,21.230689323094598,,1.4047134449979863,0.8818915919387392,False,False,False,"roe,roic,de,ev,pb,mca",6,EXCLUDE,AVOID,
PEG,,,,False,False,False,0.13078656880309772,0.05426598244688504,1.4101022943998152,12.630567684369767,2.3112440553093245,0.6901623244286348,4.083563442513294,False,False,False,"roe,roic,de,ev,pb,mca",6,EXCLUDE,AVOID,
XBI,Health Care,ETF—Biotech,,False,True,False,,,,,,,,False,False,False,"roe,roic,de,ev,pb,mca",6,EXCLUDE,AVOID,
IYR,Real Estate,ETF,defensive_etf,True,False,False,0.06,0.04,1.2,16.0,2.0,1.0,0.8,False,False,False,"roe,roic,de,ev,pb,mca",6,EXCLUDE,AVOID,
VUG,ETF,ETF—Growth,,False,True,False,,,,,,,,False,False,False,"roe,roic,de,ev,pb,mca",6,EXCLUDE,AVOID,
XLU,Utilities,ETF,defensive_etf,True,False,False,0.1,0.05,1.4,12.0,2.0,1.0,0.92,False,False,False,"roe,roic,de,ev,pb,mca",6,EXCLUDE,AVOID,
ARKK,ETF,ETF—Disruptive Innovation,,False,True,False,,,,,,,,False,False,False,"roe,roic,de,ev,pb,mca",6,EXCLUDE,AVOID,
MTSI,Information Technology,Semiconductors,,False,True,False,,,,,13.72,3.89,,False,False,False,"roe,roic,de,ev,pb,mca",6,EXCLUDE,AVOID,
STLD,Materials,Steel,,True,False,False,,,,,3.87,2.016,,False,False,False,"roe,roic,de,ev,pb,mca",6,EXCLUDE,AVOID,
NEE,Utilities,Electric Utilities,,True,False,False,0.12,0.06,1.4,,,0.961,0.85,False,False,False,"roe,roic,de,ev,pb,mca",6,EXCLUDE,AVOID,
CMS,,,,False,False,False,0.10497237569060773,0.03528804815133276,1.9747288725189278,12.989936905250453,2.454333016574586,0.5864478891089109,3.192391115334129,False,False,False,"roe,roic,de,ev,pb,mca",6,EXCLUDE,AVOID,
CPT,,,,False,False,False,0.096326627261233,0.04687408281330735,1.055008257865822,13.49486430941233,2.8287647394357665,1.2579734967020617,1.9506098677451984,False,False,False,"roe,roic,de,ev,pb,mca",6,EXCLUDE,AVOID,
NRG,,,,False,False,False,0.04903569963069348,0.008465870851191952,4.792162494870743,21.45695384634307,6.721230750393185,0.8178982517518384,0.6818445855740648,False,False,False,"roe,roic,de,ev,pb,mca",6,EXCLUDE,AVOID,
WYNN,,,,False,False,False,,0.03138932459483114,,11.750040560702768,,0.8145436984474814,4.6026577913403095,False,False,False,"roe,roic,de,ev,pb,mca",6,EXCLUDE,AVOID,
HSIC,,,,False,False,False,0.12094304960195959,0.05630791161796151,1.147887323943662,12.030726095444535,2.5706260389631495,0.7427162635574706,12.21218354351853,False,False,False,"roe,roic,de,ev,pb,mca",6,EXCLUDE,AVOID,
CNP,,,,False,False,False,0.09530716723549489,0.030718882349705736,2.102559726962457,13.410818635625828,2.4752595637027675,0.6012443955771282,6.456637125478408,False,False,False,"roe,roic,de,ev,pb,mca",6,EXCLUDE,AVOID,
GPC,,,,False,False,False,0.007239485887355138,0.002931084623864267,1.4698999914273316,30.118640186040757,3.5936039744539015,0.7723652962576811,0.17214977842526688,False,False,False,"roe,roic,de,ev,pb,mca",6,EXCLUDE,AVOID,
BLDR,,,,False,False,False,0.025604374340696723,0.011094415695368873,1.3078614542435725,14.330095248267991,2.403822887527801,0.8502202159674507,0.6785134318356406,False,False,False,"roe,roic,de,ev,pb,mca",6,EXCLUDE,AVOID,
APD,,,,False,False,False,-0.003406848269205837,-0.0014762289684186873,1.3078047796712715,48.75857503788967,4.673351804892631,1.604225967441905,0.16021407705065363,False,False,False,"roe,roic,de,ev,pb,mca",6,EXCLUDE,AVOID,
AWK,,,,False,False,False,0.09669952850407201,0.040688237203765826,1.376596656665238,13.894100772653323,2.241642583497955,0.7173280864813224,4.49567240804073,False,False,False,"roe,roic,de,ev,pb,mca",6,EXCLUDE,AVOID,
FRT,,,,False,False,False,0.12964485381316262,0.053088530419403944,1.4420501526216143,14.808861496028014,3.140486925115506,1.1663675545225616,3.06124135798555,False,False,False,"roe,roic,de,ev,pb,mca",6,EXCLUDE,AVOID,
EQIX,,,,False,False,False,0.1065915727993325,0.04062218453548148,1.6239744124600195,28.08508190511909,7.151604798701574,2.5040018554612433,5.439115366009972,False,False,False,"roe,roic,de,ev,pb,mca",6,EXCLUDE,AVOID,
BAX,,,,False,False,False,-0.17128585240090236,-0.06696906696906697,1.55768611021592,24.329861602237983,1.7760803320827172,0.5569377262849448,0.4126049243167769,False,False,False,"roe,roic,de,ev,pb,mca",6,EXCLUDE,AVOID,
ESS,,,,False,False,False,0.07774494169063621,0.034283060535354605,1.2677363244877535,19.349585499591353,3.52016217693736,1.452755582841562,2.1740459247946817,False,False,False,"roe,roic,de,ev,pb,mca",6,EXCLUDE,AVOID,
KMI,,,,False,False,False,0.10960766336821473,0.054367257331033404,1.0160601941133698,13.413129954047857,2.250667422980821,0.961233307989338,5.797573519959996,False,False,False,"roe,roic,de,ev,pb,mca",6,EXCLUDE,AVOID,
MAA,,,,False,False,False,0.0739455798031947,0.036179912736007985,1.043829689218695,17.175536860019673,2.9315454740377853,1.3327206828074727,4.241254232282955,False,False,False,"roe,roic,de,ev,pb,mca",6,EXCLUDE,AVOID,
XEL,,,,False,False,False,0.09282121627800641,0.034684684684684684,1.676144157625639,13.542191440078467,2.0849705565129746,0.5754389568982117,10.722076604823924,False,False,False,"roe,roic,de,ev,pb,mca",6,EXCLUDE,AVOID,
NI,,,,False,False,False,0.0995837733739206,0.03639748873221848,1.736006709324719,12.334021523868662,2.2864885455926642,0.6033541070201107,1.6282200465531946,False,False,False,"roe,roic,de,ev,pb,mca",6,EXCLUDE,AVOID,
CCI,,,,False,False,False,,0.03787689116205873,,24.161691989217484,,1.11887573084695,0.39990659299961123,False,False,False,"roe,roic,de,ev,pb,mca",6,EXCLUDE,AVOID,
EL,,,,False,False,False,-0.06210869020786376,-0.018656435718047093,2.329075882794891,37.243761603343096,10.756454183523552,2.1842209903788414,0.06650437493492778,False,False,False,"roe,roic,de,ev,pb,mca",6,EXCLUDE,AVOID,
LITE,,,,False,False,False,0.14794511333826596,0.06996866599863212,1.1144481065446963,100.2727793548816,18.387949404643045,7.779668003210863,0.8532402743482944,False,False,False,"roe,roic,de,ev,pb,mca",6,EXCLUDE,AVOID,
WEC,,,,False,False,False,0.115730083183866,0.04492697208272111,1.5759600039544113,14.395215791168189,2.641205464310571,0.7229900464353757,1.963133249421553,False,False,False,"roe,roic,de,ev,pb,mca",6,EXCLUDE,AVOID,
FDX,,,,False,False,False,0.14007646854362182,0.05943155919023998,1.3569374664265175,9.686797726647812,2.4710535688388617,0.7904164497917205,3.575052903299617,False,False,False,"roe,roic,de,ev,pb,mca",6,EXCLUDE,AVOID,
CRL,,,,False,False,False,-0.0627934356119886,-0.030791216707465933,1.0393294688080028,39.1512718412186,2.894481523120839,1.1010550937944517,0.2549202356877801,False,False,False,"roe,roic,de,ev,pb,mca",6,EXCLUDE,AVOID,
LYB,,,,False,False,False,-0.07938247011952192,-0.0328091552774576,1.4195219123505975,30.044589745649056,2.7032391207059048,0.7992379048202863,0.31154544835628833,False,False,False,"roe,roic,de,ev,pb,mca",6,EXCLUDE,AVOID,
TKO,,,,False,False,False,0.06704637078260953,0.027137019613212406,1.470660807201029,13.013092207544316,4.460507685796514,0.9398171710514159,1.5745907242289243,False,False,False,"roe,roic,de,ev,pb,mca",6,EXCLUDE,AVOID,
SJM,,,,False,False,False,-0.02501894007720336,-0.010979355328984865,1.278725783758433,19.859432635575317,1.8692036332906783,0.638894848282727,0.36731016351772405,False,False,False,"roe,roic,de,ev,pb,mca",6,EXCLUDE,AVOID,
DTE,,,,False,False,False,0.1025724255457275,0.032166942359078764,2.1887527387811407,13.188233756729996,2.449599683035516,0.5477683257248795,3.867109714175925,False,False,False,"roe,roic,de,ev,pb,mca",6,EXCLUDE,AVOID,
ED,,,,False,False,False,0.0841928426316612,0.040835275614424044,1.0617674636661978,11.368947725835055,1.763559937630916,0.6039533878808274,2.17851145387434,False,False,False,"roe,roic,de,ev,pb,mca",6,EXCLUDE,AVOID,
LNT,,,,False,False,False,0.11061708434384263,0.04262278060429862,1.5952573430342225,14.806127074739658,2.459903978219861,0.7358000776346193,4.3861624279408185,False,False,False,"roe,roic,de,ev,pb,mca",6,EXCLUDE,AVOID,
SRE,,,,False,False,False,0.060665240708019465,0.02848948931462179,1.1293902476828173,18.303463074011272,1.9540273855976553,0.555286117021043,1.6310852605576025,False,False,False,"roe,roic,de,ev,pb,mca",6,EXCLUDE,AVOID,
AEE,,,,False,False,False,0.11242254352316318,0.043717728055077454,1.5715550309825908,12.344249825225903,2.227564622382505,0.6058031942586616,2.534918188570447,False,False,False,"roe,roic,de,ev,pb,mca",6,EXCLUDE,AVOID,
AKAM,,,,False,False,False,0.08865237607777829,0.040382108155408096,1.1953379882151023,16.832688950478417,3.40153067699692,1.433786227416607,5.976796857007265,False,False,False,"roe,roic,de,ev,pb,mca",6,EXCLUDE,AVOID,
J,,,,False,False,False,0.11585069388030281,0.0485903289349244,1.3842335793910399,20.33051961380457,4.549812152625498,1.254584550851096,0.9236923533478634,False,False,False,"roe,roic,de,ev,pb,mca",6,EXCLUDE,AVOID,
SBAC,,,,False,False,False,,0.09543235056631809,,16.479034002820544,,1.5480830868778914,3.886687193191366,False,False,False,"roe,roic,de,ev,pb,mca",6,EXCLUDE,AVOID,
SO,Utilities,Electric Utilities,,True,False,False,0.11,0.05,1.6,,,0.779,0.88,False,False,False,"roe,roic,de,ev,pb,mca",6,EXCLUDE,AVOID,
ASTS,Communication Services,Telecom Services,,False,True,False,,,,,8.33,9.011,,False,False,False,"roe,roic,de,ev,pb,mca",6,EXCLUDE,AVOID,
INTC,Information Technology,Semiconductors,,False,True,False,,,,,4.19,2.929,,False,False,False,"roe,roic,de,ev,pb,mca",6,EXCLUDE,AVOID,
PSX,Energy,Oil & Gas Refining,,True,False,False,,,,,2.95,1.122,,False,False,False,"roe,roic,de,ev,pb,mca",6,EXCLUDE,AVOID,
AMAT,Information Technology,Semiconductor Equipment,,False,True,False,,,,,17.02,7.401,,False,False,False,"roe,roic,de,ev,pb,mca",6,EXCLUDE,AVOID,
GSAT,Communication Services,Telecom Services,,False,True,False,,,,,31.13,7.126,,False,False,False,"roe,roic,de,ev,pb,mca",6,EXCLUDE,AVOID,
D,Utilities,Electric Utilities,,True,False,False,,,,,2.17,0.556,,False,False,False,"roe,roic,de,ev,pb,mca",6,EXCLUDE,AVOID,
NOC,Industrials,Aerospace & Defense,,False,True,False,,,,,4.43,1.685,,False,False,False,"roe,roic,de,ev,pb,mca",6,EXCLUDE,AVOID,
MCHP,Information Technology,Semiconductors,,False,True,False,,,,,6.35,1.636,,False,False,False,"roe,roic,de,ev,pb,mca",6,EXCLUDE,AVOID,
BKSY,Industrials,Aerospace & Defense,,False,True,False,,,,,10.41,1.338,,False,False,False,"roe,roic,de,ev,pb,mca",6,EXCLUDE,AVOID,
TSN,,,,False,False,False,0.02503039009835341,0.017302624040334592,0.4466239363465576,14.09206987364011,1.5696842997721758,0.8078528780684442,1.0486552284577175,False,False,False,"roe,roic,ev,pb,mca",5,EXCLUDE,AVOID,
SYF,Financials,Consumer Finance,,True,False,False,,,,,1.68,0.19,,False,False,False,"roe,roic,de,ev,pb",5,EXCLUDE,AVOID,
CVX,Energy,Oil Gas & Consumable Fuels,,True,False,False,0.14,0.11,0.2,,2.09,1.487,0.72,False,False,False,"roe,roic,ev,pb,mca",5,EXCLUDE,AVOID,
CB,Financials,Insurance,,True,False,False,0.13,0.1,0.3,,1.8,0.68,0.84,False,False,False,"roe,roic,ev,pb,mca",5,EXCLUDE,AVOID,
TRV,Financials,Property & Casualty Insurance,,True,False,False,0.14,0.1,0.3,,2.38,0.605,0.82,False,False,False,"roe,roic,ev,pb,mca",5,EXCLUDE,AVOID,
RTX,Industrials,Aerospace & Defense,,True,False,False,0.12,0.08,0.7,,4.34,1.692,0.8,False,False,False,"roe,roic,ev,pb,mca",5,EXCLUDE,AVOID,
PEP,Consumer Staples,Beverages,,True,False,False,0.5,0.14,1.6,,8.59,1.898,0.88,False,False,False,"roic,de,ev,pb,mca",5,EXCLUDE,AVOID,
OMC,,,,False,False,False,0.006675779635693169,0.0030066289008623777,1.2203537103559357,24.336803718302555,2.166178786672813,0.4091377678182798,0.13804129450317953,False,False,False,"roe,roic,de,ev,pb",5,EXCLUDE,AVOID,
CTVA,Materials,Fertilizers & Agricultural Chemicals,,False,False,False,0.08,0.06,0.4,,2.2,1.275,0.65,False,False,False,"roe,roic,ev,pb,mca",5,EXCLUDE,AVOID,
LDOS,,,,False,False,False,0.28186714542190305,0.11817345487998662,1.3851984839417515,10.999279503384674,3.888549408935687,1.2668680176119191,14.460546274882534,False,False,False,"roic,de,ev,pb,mca",5,EXCLUDE,AVOID,
EMR,,,,False,False,False,0.12042555287395951,0.07115832363213039,0.6923607348667684,16.60601430336325,3.5999070836471017,1.7365736912965004,11.040500866269879,False,False,False,"roe,roic,ev,pb,mca",5,EXCLUDE,AVOID,
WAT,,,,False,False,False,0.02937797541198012,0.021534272840571373,0.3642427413026419,34.67700457891904,1.912094325166244,1.1919508548547633,1.1482208548361545,False,False,False,"roe,roic,ev,pb,mca",5,EXCLUDE,AVOID,
TSCO,,,,False,False,False,0.43013125017652915,0.12118149384348625,2.5494796815433842,15.239457745296699,9.374933711238528,2.020754092655218,2.649249132513205,False,False,False,"roic,de,ev,pb,mca",5,EXCLUDE,AVOID,
AIG,,,,False,False,False,0.07823289196881573,0.06377998829724986,0.22660561811656973,,3.527530301908152,0.8823029276947864,3.7721213726126184,False,False,False,"roe,roic,ev,pb,mca",5,EXCLUDE,AVOID,
ROK,,,,False,False,False,0.3091993185689949,0.14374340021119325,1.1510505394662123,26.217373126808123,11.30357389867151,3.5368858627506277,3.687998724420734,False,False,False,"roic,de,ev,pb,mca",5,EXCLUDE,AVOID,
FCX,,,,False,False,False,0.1401179184824404,0.09138634387748278,0.5332478851576519,10.390367312149701,4.889485106655219,1.620826087785691,2.998425938078543,False,False,False,"roe,roic,ev,pb,mca",5,EXCLUDE,AVOID,
AJG,,,,False,False,False,0.06778548895899053,0.04338439174092121,0.5624395373291272,17.34350726635507,2.3328658043304027,0.7083419687865458,1.8029504107304408,False,False,False,"roe,roic,ev,pb,mca",5,EXCLUDE,AVOID,
FIS,,,,False,False,False,0.1671152281404519,0.07192306656250842,1.3235275708831444,11.773895163300164,1.5004717390821194,0.551307077897963,0.5699845341141336,False,False,False,"roic,de,ev,pb,mca",5,EXCLUDE,AVOID,
BALL,,,,False,False,False,0.1675,0.06996345192809726,1.3941071428571428,10.785430474419808,2.8000461251831776,0.7931339555399998,4.4656427627676845,False,False,False,"roic,de,ev,pb,mca",5,EXCLUDE,AVOID,
TECH,,,,False,False,False,0.05254054085159766,0.04611963330928353,0.13922286630630354,31.91897221939263,3.8975709542004005,3.186551052507982,1.1092743448207194,False,False,False,"roe,roic,ev,pb,mca",5,EXCLUDE,AVOID,
SPG,,,,False,False,False,0.9659838925881661,0.13869212398709424,5.964951323970308,11.142547957150708,13.027647287148222,1.5968627640474922,1.0056428503174464,False,False,False,"roic,de,ev,pb,mca",5,EXCLUDE,AVOID,
MTD,,,,False,False,False,,0.40016371289879293,,46.76401743111478,,15.395318476002593,4.734002272298982,False,False,False,"roe,de,ev,pb,mca",5,EXCLUDE,AVOID,
DIS,,,,False,False,False,0.10324907090554512,0.07191829097945741,0.43564411082900983,11.283188639656466,1.6440236569379412,0.8708758226580143,2.1719488943440006,False,False,False,"roe,roic,ev,pb,mca",5,EXCLUDE,AVOID,
SYK,,,,False,False,False,0.14521954828321512,0.0885098933743568,0.6407154358327168,21.255120209011903,5.467301340871622,2.713985818234408,9.246108445064277,False,False,False,"roe,roic,ev,pb,mca",5,EXCLUDE,AVOID,
BSX,,,,False,False,False,0.13783637488400866,0.09663079717019489,0.4264228270955769,18.722881391270707,3.606123858732215,2.1029692111169984,3.3747668282201784,False,False,False,"roe,roic,ev,pb,mca",5,EXCLUDE,AVOID,
EA,,,,False,False,False,0.13113542282672974,0.10671318575553417,0.22885866351271436,32.52524935096324,7.599775872336398,3.9147729800078745,1.7650742094796759,False,False,False,"roe,roic,ev,pb,mca",5,EXCLUDE,AVOID,
ECHO,,,,False,False,False,-2.564482509398346,-0.4263835769143761,5.014496449316411,,3.2943488891643886,0.4483671195889682,0.5927195141759289,False,False,False,"roe,roic,de,ev,pb",5,EXCLUDE,AVOID,
LH,,,,False,False,False,0.10786380404646793,0.05895724269218245,0.8295259262653805,13.46969147053989,2.4661205193764966,1.1277658505183965,5.818716991289356,False,False,False,"roe,roic,ev,pb,mca",5,EXCLUDE,AVOID,
WELL,,,,False,False,False,0.03214071438398353,0.02206950064501344,0.45634080720560677,59.6290083599382,3.2420113422729537,2.1121454435725804,1.581316430530587,False,False,False,"roe,roic,ev,pb,mca",5,EXCLUDE,AVOID,
TPR,,,,False,False,False,0.9712778429073857,0.14391175959701233,5.749120750293083,28.052009953871615,41.660819326671636,4.396267510247997,0.47409743690070294,False,False,False,"roic,de,ev,pb,mca",5,EXCLUDE,AVOID,
WY,,,,False,False,False,0.042059540205530245,0.02666577109081139,0.5772857294204895,20.319233900772005,1.850334498523068,1.0648928316297324,3.1684721375253577,False,False,False,"roe,roic,ev,pb,mca",5,EXCLUDE,AVOID,
TRGP,,,,False,False,False,0.6797704447632712,0.09574597072969199,6.099728997289973,13.881240840240606,16.9932350219167,1.966233510760634,4.0510943567518645,False,False,False,"roic,de,ev,pb,mca",5,EXCLUDE,AVOID,
DLTR,,,,False,False,False,0.3668092386655261,0.11588875976324964,2.1651839178785286,10.424903735899113,5.3213784881591275,1.3499959749109551,3.0070271409880958,False,False,False,"roic,de,ev,pb,mca",5,EXCLUDE,AVOID,
WDAY,,,,False,False,False,0.12673948825377823,0.08075896262395119,0.569355080053868,16.11597239971161,3.681340761140455,1.5289540927662457,2.6995966504663085,False,False,False,"roe,roic,ev,pb,mca",5,EXCLUDE,AVOID,
KR,,,,False,False,False,0.1627008652657602,0.03433994260370467,3.737948084054388,10.919035715474227,6.450764878334229,0.8301389941258874,0.44715933343016845,False,False,False,"roic,de,ev,pb,mca",5,EXCLUDE,AVOID,
LOW,,,,False,False,False,,0.19963931469792606,,13.827670233073226,,2.4232972298995312,3.735200227540375,False,False,False,"roe,de,ev,pb,mca",5,EXCLUDE,AVOID,
CRM,,,,False,False,False,0.234350810573974,0.10540075408242357,1.2234263180955163,16.187808241965556,5.539166447408394,1.7775905823680762,9.389004847476444,False,False,False,"roic,de,ev,pb,mca",5,EXCLUDE,AVOID,
STE,,,,False,False,False,0.10890082966757615,0.08438322474867326,0.29055069881396517,14.508014538999085,2.991101952208912,2.001162312696787,7.640573870414541,False,False,False,"roe,roic,ev,pb,mca",5,EXCLUDE,AVOID,
TMO,,,,False,False,False,0.13186220707449983,0.07201295560182557,0.8310900583444053,22.101265457238394,4.212044550595207,1.9309867466394268,10.827572443018664,False,False,False,"roe,roic,ev,pb,mca",5,EXCLUDE,AVOID,
DLR,,,,False,False,False,0.058962880903401224,0.03235704484054359,0.8222579099535179,21.73595217334588,2.83420276805002,1.3555427965233875,0.8062185194037111,False,False,False,"roe,roic,ev,pb,mca",5,EXCLUDE,AVOID,
COHR,,,,False,False,False,0.04391212386495324,0.033246755199120015,0.3207942730638421,39.50011129280462,4.364832646910314,2.6959015470277654,0.8085853705968723,False,False,False,"roe,roic,ev,pb,mca",5,EXCLUDE,AVOID,
DOC,,,,False,False,False,0.02838535970053747,0.01198285854437008,1.3688304084899507,11.2931800647796,1.4296571648162275,0.5176162217554298,0.5147691570503046,False,False,False,"roe,roic,de,ev,mca",5,EXCLUDE,AVOID,
CEG,,,,False,False,False,0.11322163485948093,0.06775813687465371,0.6709673565690052,14.7269245283187,2.9736296842313874,1.0273967115922809,1.5689986097114608,False,False,False,"roe,roic,ev,pb,mca",5,EXCLUDE,AVOID,
BXP,,,,False,False,False,0.06149292064958684,0.014741619300357396,3.1713816777303427,12.066826966202859,1.5878675674590013,0.3262851911007007,0.6403078809798138,False,False,False,"roe,roic,de,ev,pb",5,EXCLUDE,AVOID,
HSY,,,,False,False,False,0.32636602530524755,0.14200903261319234,1.2982061021020495,11.496745737354361,5.62616900180393,1.8371408796618502,2.1963918327607295,False,False,False,"roic,de,ev,pb,mca",5,EXCLUDE,AVOID,
MAS,,,,False,False,False,,0.2830188679245283,,14.203546537540353,,2.970772397832152,4.144339562048698,False,False,False,"roe,de,ev,pb,mca",5,EXCLUDE,AVOID,
LHX,,,,False,False,False,0.08920863309352518,0.05840057772614525,0.5275299760191846,15.905478884817835,2.595304776091209,1.2602381243071803,4.935088311114918,False,False,False,"roe,roic,ev,pb,mca",5,EXCLUDE,AVOID,
VRSN,,,,False,False,False,,9.860788863109049,,20.08819406587957,,12.614279886452671,52.67676729523961,False,False,False,"roe,de,ev,pb,mca",5,EXCLUDE,AVOID,
DRI,,,,False,False,False,0.5466364665911665,0.14142562467769912,2.8651868629671573,13.640661079916521,10.494885018120431,1.801176971443965,5.216796562553277,False,False,False,"roic,de,ev,pb,mca",5,EXCLUDE,AVOID,
DPZ,,,,False,False,False,,0.5230721610070658,,14.414195750670341,,5.790999104435244,7.939947338878868,False,False,False,"roe,de,ev,pb,mca",5,EXCLUDE,AVOID,
STZ,,,,False,False,False,0.22098938902078588,0.0970972995412307,1.2759581375066622,10.332831327437834,2.8487996400293394,1.0637690279494594,3.171643903133892,False,False,False,"roic,de,ev,pb,mca",5,EXCLUDE,AVOID,
VEEV,,,,False,False,False,0.1289165338919773,0.12712278672968635,0.014110351168631751,23.649521234417193,3.4686544895777276,2.7751924348982757,11.688612957793097,False,False,False,"roe,roic,ev,pb,mca",5,EXCLUDE,AVOID,
MRVL,,,,False,False,False,0.13870925240725085,0.10755118545949857,0.2897045422106084,31.678327303911196,7.938007290680058,5.3664812190083255,0.784081966095746,False,False,False,"roe,roic,ev,pb,mca",5,EXCLUDE,AVOID,
PANW,,,,False,False,False,0.030461182593609946,0.02833989037963617,0.07485181437039179,73.12017143893232,5.282123968817344,3.158816538478327,1.0571139692178972,False,False,False,"roe,roic,ev,pb,mca",5,EXCLUDE,AVOID,
COO,,,,False,False,False,0.02862032552889342,0.02203923694516361,0.2986078238599813,18.003162941380413,1.663670631602639,1.0981001872019567,0.8844289401350903,False,False,False,"roe,roic,ev,pb,mca",5,EXCLUDE,AVOID,
MDT,,,,False,False,False,0.09706245072074075,0.06200919611489977,0.5652912277864263,13.124791575699321,2.0768873818012383,1.1042812977386878,9.396358793095088,False,False,False,"roe,roic,ev,pb,mca",5,EXCLUDE,AVOID,
SNPS,,,,False,False,False,0.02537124077588616,0.018714092376998878,0.3557291620014364,34.62508096402527,3.0319419328467694,1.9707792915749147,1.3683662292871763,False,False,False,"roe,roic,ev,pb,mca",5,EXCLUDE,AVOID,
GNRC,,,,False,False,False,0.0706500038135232,0.045403771285533155,0.5560382279529755,24.94886360309814,4.3091210404459845,2.060616776631557,1.2531898694873842,False,False,False,"roe,roic,ev,pb,mca",5,EXCLUDE,AVOID,
AME,,,,False,False,False,0.13991202913520898,0.11664953531560195,0.19942208733767383,21.48625458577329,4.492816951950857,3.0079583915167505,18.90919298571784,False,False,False,"roe,roic,ev,pb,mca",5,EXCLUDE,AVOID,
SYY,,,,False,False,False,0.7557683935568132,0.0982011539766942,6.69612538093165,11.60779588038938,14.658191931276301,1.20322577515426,6.314696409247804,False,False,False,"roic,de,ev,pb,mca",5,EXCLUDE,AVOID,
ZBRA,,,,False,False,False,0.12046109510086456,0.06614970723215699,0.8210374639769452,14.359943084365776,2.8700834831640765,1.1952940094310305,4.536414138784926,False,False,False,"roe,roic,ev,pb,mca",5,EXCLUDE,AVOID,
TRMB,,,,False,False,False,0.0809267011991769,0.06470921985815603,0.25062087561200597,19.657546690953676,2.6974145261672264,1.6912318059070057,3.5025131925084745,False,False,False,"roe,roic,ev,pb,mca",5,EXCLUDE,AVOID,
DVA,,,,False,False,False,,0.06268707364296776,,8.28561510660025,,0.5637114721992289,6.366952480744994,False,False,False,"roe,roic,de,pb,mca",5,EXCLUDE,AVOID,
MDLZ,,,,False,False,False,0.10132038834951457,0.05507472768724141,0.8396893203883495,17.78873514525348,2.8331989726144062,1.0257708380644661,5.196990268747196,False,False,False,"roe,roic,ev,pb,mca",5,EXCLUDE,AVOID,
MCK,,,,False,False,False,,0.7392114250232847,,34.3698183133839,,2.940043317604512,4.169600302443345,False,False,False,"roe,de,ev,pb,mca",5,EXCLUDE,AVOID,
MRNA,,,,False,False,False,-0.43115550755939525,-0.36687342062945094,0.17521598272138228,,2.7209424479584383,1.754591021455093,2.2588780845649286,False,False,False,"roe,roic,ev,pb,mca",5,EXCLUDE,AVOID,
WMB,,,,False,False,False,0.21490147783251232,0.06448930567746108,2.3323583743842367,15.338720593992688,6.800903774499685,1.4832772388037385,6.64609944548341,False,False,False,"roic,de,ev,pb,mca",5,EXCLUDE,AVOID,
CPAY,,,,False,False,False,0.3352182598469344,0.08483012620498014,2.9516416495352877,10.505634174213514,5.418510143080255,0.7132876040467602,7.910122963576969,False,False,False,"roic,de,ev,pb,mca",5,EXCLUDE,AVOID,
ADI,,,,False,False,False,0.09819894373288059,0.07809746660148158,0.2573896184619344,32.38243209776782,5.7910090501695946,4.0751638477039265,3.328291886531694,False,False,False,"roe,roic,ev,pb,mca",5,EXCLUDE,AVOID,
AZO,,,,False,False,False,,0.25167257918682545,,17.271305063211507,,2.9382246054743457,4.929125290404618,False,False,False,"roe,de,ev,pb,mca",5,EXCLUDE,AVOID,
HUBB,,,,False,False,False,0.23055292824458704,0.09525267993874426,1.4204350826963879,22.352381524299425,7.066132005452299,2.3334066445044694,8.903660609255459,False,False,False,"roic,de,ev,pb,mca",5,EXCLUDE,AVOID,
NSC,,,,False,False,False,0.16218544268750384,0.08019714624722382,1.0223343382760106,15.504774683368629,4.347477218946015,1.5659666512904917,8.702097947361876,False,False,False,"roic,de,ev,pb,mca",5,EXCLUDE,AVOID,
IEX,,,,False,False,False,0.12961576846307385,0.08814795961652669,0.47043413173652693,18.73080110248533,4.160718886217677,2.406372481379574,17.110291794750637,False,False,False,"roe,roic,ev,pb,mca",5,EXCLUDE,AVOID,
INVH,,,,False,False,False,0.07296405721097228,0.03757709696112441,0.9417161811743373,14.667330448549624,1.982016837406356,0.972772408253024,5.28070458254849,False,False,False,"roe,roic,ev,pb,mca",5,EXCLUDE,AVOID,
IQV,,,,False,False,False,0.22281639928698752,0.061351061931108335,2.631826284232701,13.077100963981785,5.1537858047201,1.0643556842450967,3.4014910617196668,False,False,False,"roic,de,ev,pb,mca",5,EXCLUDE,AVOID,
MRSH,,,,False,False,False,0.26213528288217086,0.10594968720883802,1.474148718961997,13.824494830494622,5.209074569695034,1.3251797726564072,4.890354352903408,False,False,False,"roic,de,ev,pb,mca",5,EXCLUDE,AVOID,
VRSK,,,,False,False,False,,0.2583063504565211,,16.327961832913605,,5.197381764602894,12.600969209675968,False,False,False,"roe,de,ev,pb,mca",5,EXCLUDE,AVOID,
LUV,,,,False,False,False,0.1181869528381813,0.059909813184453514,0.9727478113527253,10.16663720750379,3.551974696364449,0.8351067259694918,2.4110234030484756,False,False,False,"roe,roic,ev,pb,mca",5,EXCLUDE,AVOID,
LYV,,,,False,False,False,1.6360986274747966,0.01185213393844035,137.0425361350662,26.546476237399734,518.1248038714587,1.5136964084280993,0.24015977613723066,False,False,False,"roic,de,ev,pb,mca",5,EXCLUDE,AVOID,
LVS,,,,False,False,False,2.972461273666093,0.10900713248753392,26.268502581755595,9.052255694993024,51.49279999910117,1.5027031392575108,5.864118556938745,False,False,False,"roic,de,ev,pb,mca",5,EXCLUDE,AVOID,
VTR,,,,False,False,False,0.017934592402050076,0.009530151153505546,0.8818791132660118,24.398556279485824,3.1093178801797983,1.5359386964598223,12.282712483410586,False,False,False,"roe,roic,ev,pb,mca",5,EXCLUDE,AVOID,
PHM,,,,False,False,False,0.14649511350741767,0.1245075076189048,0.17659662705491608,10.389976590736849,2.00838896808533,1.4311099963385407,5.405759733655052,False,False,False,"roe,roic,ev,pb,mca",5,EXCLUDE,AVOID,
WAB,,,,False,False,False,0.11316211878009631,0.07135226314309812,0.5859639736044231,20.650086897049384,4.060849514941147,1.9689712236488248,4.876640162675385,False,False,False,"roe,roic,ev,pb,mca",5,EXCLUDE,AVOID,
BIIB,,,,False,False,False,0.04428056027164686,0.030680326874510624,0.44328841256366724,18.229081598407024,1.6937462036901774,0.9949240008960896,1.1943110653100462,False,False,False,"roe,roic,ev,pb,mca",5,EXCLUDE,AVOID,
F,,,,False,False,False,-0.20706066799182507,-0.03716302791246891,4.5716845376410316,56.70151891252303,1.5241953699930262,0.1906718864879151,0.2965602212334187,False,False,False,"roe,roic,de,ev,pb",5,EXCLUDE,AVOID,
FE,,,,False,False,False,0.08388094317742559,0.025883868505176773,2.2406648627754153,21.922510838011142,2.1266751369958006,0.47248489199843147,1.5646418395395194,False,False,False,"roe,roic,de,ev,pb",5,EXCLUDE,AVOID,
FICO,,,,False,False,False,,0.5430279003914383,,24.577804215357002,,12.665536933120844,4.544397278052214,False,False,False,"roe,de,ev,pb,mca",5,EXCLUDE,AVOID,
STT,,,,False,False,False,0.12225838403848875,0.059234882764294526,1.0639592472053205,,1.6399700206606205,0.11080491834962491,6.004511304216445,False,False,False,"roe,roic,de,ev,pb",5,EXCLUDE,AVOID,
EXC,,,,False,False,False,0.09374368644353155,0.03379830280074298,1.7736211192672908,10.592377767899533,1.6172954017479306,0.3985763150168877,2.8030799113905447,False,False,False,"roe,roic,de,ev,pb",5,EXCLUDE,AVOID,
AVB,,,,False,False,False,0.08546447131112055,0.04844444517786374,0.7641748398054267,16.090429490833795,2.2411933835149904,1.208256676636966,2.933037331989783,False,False,False,"roe,roic,ev,pb,mca",5,EXCLUDE,AVOID,
PCAR,,,,False,False,False,0.12323030514780059,0.07151240658295661,0.7232017636666945,19.974781778041002,3.1113639186501123,1.437626553829221,8.331974920490532,False,False,False,"roe,roic,ev,pb,mca",5,EXCLUDE,AVOID,
MSCI,,,,False,False,False,,0.3546020679931067,,22.64775343852086,,7.267274681407923,7.985773058642641,False,False,False,"roe,de,ev,pb,mca",5,EXCLUDE,AVOID,
HUM,,,,False,False,False,0.06656951022745017,0.03822474596533174,0.7415291729558112,,2.4826055322095666,0.8339446830257782,0.551021845376011,False,False,False,"roe,roic,ev,pb,mca",5,EXCLUDE,AVOID,
OTIS,,,,False,False,False,,0.4893479664299548,,13.855093871827517,,2.4431627905651387,13.286451397503738,False,False,False,"roe,de,ev,pb,mca",5,EXCLUDE,AVOID,
NOW,,,,False,False,False,0.13342921061041865,0.07964137536363203,0.6753755193352509,31.026233742274695,8.20084836193364,3.2413888112790192,5.790455658823433,False,False,False,"roe,roic,ev,pb,mca",5,EXCLUDE,AVOID,
VMC,,,,False,False,False,0.13181802072134866,0.08357927222064089,0.5771616241567923,18.168024830803613,4.516051963779859,2.324961991108586,3.970417038143547,False,False,False,"roe,roic,ev,pb,mca",5,EXCLUDE,AVOID,
XYL,,,,False,False,False,0.09768736205738413,0.07554170376966458,0.2931580462527589,15.786929517870199,2.648543885688172,1.5915393745102318,5.1343625633167935,False,False,False,"roe,roic,ev,pb,mca",5,EXCLUDE,AVOID,
TDY,,,,False,False,False,0.08927966295736593,0.07530029740064115,0.18564821175069834,20.544407187433038,2.829741246441251,2.02197127033774,9.99440479130357,False,False,False,"roe,roic,ev,pb,mca",5,EXCLUDE,AVOID,
CSX,,,,False,False,False,0.22887373952563556,0.09638446125781273,1.3745916773185627,15.87557901278545,6.252530218980832,1.9686117815965676,7.473699972117362,False,False,False,"roic,de,ev,pb,mca",5,EXCLUDE,AVOID,
CBRE,,,,False,False,False,0.15491783758037628,0.0685638998682477,1.2594665396522982,21.88934801756529,4.6443078821851564,1.2800005774208574,3.6693578969951304,False,False,False,"roic,de,ev,pb,mca",5,EXCLUDE,AVOID,
CARR,,,,False,False,False,0.09279683578002586,0.04776633647860303,0.9427245759488857,23.148567672065322,4.582611122686636,1.6121050098994218,1.8730178207538102,False,False,False,"roe,roic,ev,pb,mca",5,EXCLUDE,AVOID,
DGX,,,,False,False,False,0.14129856306546035,0.07640837470321606,0.8492549228312932,12.896539792665768,3.099907417891961,1.375459245107502,9.262579732454965,False,False,False,"roe,roic,ev,pb,mca",5,EXCLUDE,AVOID,
EQR,,,,False,False,False,0.08324837517522621,0.04587699051596186,0.814599742462658,15.100172324898155,2.421929671964049,1.256020583883188,1.9545224845714784,False,False,False,"roe,roic,ev,pb,mca",5,EXCLUDE,AVOID,
SWK,,,,False,False,False,0.0692615082377104,0.04523682810005322,0.5310867526900924,10.131855934784781,1.5865614441330973,0.7073773442008408,1.3118908794093813,False,False,False,"roe,roic,ev,pb,mca",5,EXCLUDE,AVOID,
AXP,,,,False,False,False,0.3338681446907818,0.12263069356791566,1.7225495915985998,,6.645273317354836,0.7391231406538021,13.207681807209418,False,False,False,"roic,de,ev,pb,mca",5,EXCLUDE,AVOID,
SWKS,,,,False,False,False,0.050555042434170396,0.045191139358818584,0.11869368976874684,12.37057859885585,1.7778880642013295,1.3740141520278097,1.9179421827756973,False,False,False,"roe,roic,ev,pb,mca",5,EXCLUDE,AVOID,
FTV,,,,False,False,False,0.08817608817608817,0.05584175383232844,0.579035079035079,17.404710331207987,3.0442896334957177,1.58848228607526,3.084023648717465,False,False,False,"roe,roic,ev,pb,mca",5,EXCLUDE,AVOID,
RCL,,,,False,False,False,0.4296600234466589,0.13029566866149198,2.297577178585385,14.547884758728754,8.296606086951973,1.9022502442890512,4.0622048816618825,False,False,False,"roic,de,ev,pb,mca",5,EXCLUDE,AVOID,
COIN,,,,False,False,False,-0.07551921245689397,-0.050018647500462705,0.5098211613217922,,2.4902454146977555,1.2309608366301374,0.1154695226104255,False,False,False,"roe,roic,ev,pb,mca",5,EXCLUDE,AVOID,
TXT,,,,False,False,False,0.11633970697789918,0.07901172105573825,0.47243605661782967,10.586195803155865,1.9588230039432155,0.869987894218521,23.997835846366456,False,False,False,"roe,roic,ev,pb,mca",5,EXCLUDE,AVOID,
UDR,,,,False,False,False,0.1776908227256904,0.058451355908430834,2.0399777723558477,13.174590670548872,4.348556833083329,1.2448706112949914,1.4254114377807983,False,False,False,"roic,de,ev,pb,mca",5,EXCLUDE,AVOID,
PWR,,,,False,False,False,0.1376721295894912,0.08169876911488075,0.6851187732816819,37.115878329703044,11.23027279281636,3.825724814499106,3.699572530967718,False,False,False,"roe,roic,ev,pb,mca",5,EXCLUDE,AVOID,
PSA,,,,False,False,False,0.2224492616111805,0.10554046244042808,1.1077154341325837,19.59637732691126,6.468033464699418,2.9547584484154457,7.792002297125315,False,False,False,"roic,de,ev,pb,mca",5,EXCLUDE,AVOID,
TYL,,,,False,False,False,0.1068789301834467,0.07226116202954369,0.479064648029735,21.584683956526188,3.9433621295535373,2.0601608552302433,8.963131143292335,False,False,False,"roe,roic,ev,pb,mca",5,EXCLUDE,AVOID,
EFX,,,,False,False,False,0.15784667366786906,0.07021213936815168,1.2481393543673804,12.535575538733145,4.257157855014424,1.5562939488669632,16.607897738672477,False,False,False,"roic,de,ev,pb,mca",5,EXCLUDE,AVOID,
DOV,,,,False,False,False,0.14729353723076988,0.10349788653621783,0.4231550243224173,16.521389531898233,3.920828792222256,2.205754655731692,11.14507997354411,False,False,False,"roe,roic,ev,pb,mca",5,EXCLUDE,AVOID,
TMUS,,,,False,False,False,0.187683284457478,0.060101079087556346,2.122793921620901,9.191408005255173,3.197710922696924,0.8425037581562536,6.350001898296025,False,False,False,"roic,de,ev,pb,mca",5,EXCLUDE,AVOID,
BRO,,,,False,False,False,0.0957641262020186,0.05852355512384653,0.6363347373440356,11.569795345269403,1.7058932617122216,0.7182137689338135,3.938550364795812,False,False,False,"roe,roic,ev,pb,mca",5,EXCLUDE,AVOID,
ELV,,,,False,False,False,0.11057638749637948,0.06536541678190894,0.6916649956553707,,1.868633177468021,0.6633279781734699,2.9856731399232106,False,False,False,"roe,roic,ev,pb,mca",5,EXCLUDE,AVOID,
HOOD,,,,False,False,False,0.21856540084388185,0.06437581557198782,2.3951476793248947,40.92689491757527,8.363333217341266,1.4020229690609232,4.7737065530366865,False,False,False,"roic,de,ev,pb,mca",5,EXCLUDE,AVOID,
SHW,,,,False,False,False,0.6973824162710457,0.14876508707754799,3.687809686875762,20.594852433222194,21.684304441417957,3.101378345107631,4.485717403619512,False,False,False,"roic,de,ev,pb,mca",5,EXCLUDE,AVOID,
SLB,,,,False,False,False,0.11893073559868068,0.0797746449886808,0.4908337807777863,11.864448641794256,2.6462307777968523,1.2424875981465664,8.234282940983645,False,False,False,"roe,roic,ev,pb,mca",5,EXCLUDE,AVOID,
DHR,,,,False,False,False,0.07614917936136627,0.05059452355981248,0.5050873889808105,20.582040944289986,2.5466381499484516,1.4497036881401317,4.306477610087173,False,False,False,"roe,roic,ev,pb,mca",5,EXCLUDE,AVOID,
DHI,,,,False,False,False,0.1281680975671194,0.09847079808148218,0.30158483595373536,12.915577355501158,1.9126238474648436,1.2477710663462775,4.9342307072906975,False,False,False,"roe,roic,ev,pb,mca",5,EXCLUDE,AVOID,
DVY,Multi-Sector,ETF,defensive_etf,True,False,False,0.12,0.09,1.0,10.0,1.8,0.9,0.85,False,False,False,"roe,roic,ev,pb,mca",5,EXCLUDE,AVOID,
SPLV,Multi-Sector,ETF,defensive_etf,True,False,False,0.14,0.11,0.8,13.0,3.0,1.5,0.9,False,False,False,"roe,roic,ev,pb,mca",5,EXCLUDE,AVOID,
GIS,Consumer Staples,Packaged Foods,,True,False,False,0.28,0.12,1.3,12.0,3.8,1.125,0.8,False,False,False,"roic,de,ev,pb,mca",5,EXCLUDE,AVOID,
VNQ,Real Estate,REIT ETF,,False,False,False,0.06,0.04,0.8,,,1.0,0.75,False,False,False,"roe,roic,ev,pb,mca",5,EXCLUDE,AVOID,
DD,Materials,Chemicals,,True,False,False,0.06,0.05,0.5,10.0,1.8,0.778,0.62,False,False,False,"roe,roic,ev,pb,mca",5,EXCLUDE,AVOID,
CPB,Consumer Staples,Packaged Foods,,True,False,False,0.2,0.09,1.5,10.0,2.5,0.9,0.72,False,False,False,"roic,de,ev,pb,mca",5,EXCLUDE,AVOID,
TGT,Consumer Discretionary,Broadline Retail,,False,False,False,0.25,0.12,1.2,10.0,3.5,1.273,0.7,False,False,False,"roic,de,ev,pb,mca",5,EXCLUDE,AVOID,
O,Real Estate,Retail REITs,,True,False,False,0.05,0.04,1.2,15.0,1.4,0.714,0.9,False,False,False,"roe,roic,de,ev,mca",5,EXCLUDE,AVOID,
UAL,,,,False,False,False,0.20943882134515182,0.06943313809192891,2.0164101335569264,12.117563434904115,2.6434832061828333,0.5219198417107305,7.17097944935874,False,False,False,"roic,de,ev,pb,mca",5,EXCLUDE,AVOID,
URI,,,,False,False,False,0.2859930615784909,0.1071965541062213,1.6679314830875975,11.519658154285647,7.644611261379575,2.2518328630952675,8.690398405464952,False,False,False,"roic,de,ev,pb,mca",5,EXCLUDE,AVOID,
UNP,,,,False,False,False,0.35456876118608815,0.14139115003279196,1.507715377545591,14.3630549636309,7.816404752866057,2.2691513313392595,19.03374721283984,False,False,False,"roic,de,ev,pb,mca",5,EXCLUDE,AVOID,
HAL,,,,False,False,False,0.1455040871934605,0.08339840699672028,0.7446866485013623,9.60822765607124,2.575999431481189,1.098101043077586,2.036610913072805,False,False,False,"roe,roic,ev,pb,mca",5,EXCLUDE,AVOID,
ARES,,,,False,False,False,0.15471147838680788,0.034269162771878775,3.5145975528110625,16.478154382183572,5.957545462335548,0.8445771651645276,1.5375515022529067,False,False,False,"roic,de,ev,pb,mca",5,EXCLUDE,AVOID,
DDOG,,,,False,False,False,0.03401841722953236,0.025728418436060784,0.3222117525052517,174.62211555305782,9.792330131948576,5.617652337697376,1.8182667665755008,False,False,False,"roe,roic,ev,pb,mca",5,EXCLUDE,AVOID,
MAR,,,,False,False,False,,0.19408141805618145,,20.905517812068407,,3.1017295495877595,5.8778694833428045,False,False,False,"roe,de,ev,pb,mca",5,EXCLUDE,AVOID,
CAH,,,,False,False,False,,0.25558842866535175,,16.582732975526586,,0.8690066778907277,4.424193524968587,False,False,False,"roe,de,ev,pb,mca",5,EXCLUDE,AVOID,
CDW,,,,False,False,False,0.4214995695390154,0.1290542888295132,2.266064021288252,10.494082241412581,6.024958404040866,0.9357445090793409,10.131360074446738,False,False,False,"roic,de,ev,pb,mca",5,EXCLUDE,AVOID,
ADM,,,,False,False,False,0.04740396421680407,0.03230626699739996,0.4673302929310647,14.263538251465775,1.5263590308328068,0.6260493424064054,2.418976365153258,False,False,False,"roe,roic,ev,pb,mca",5,EXCLUDE,AVOID,
YUM,,,,False,False,False,,0.37208306572468425,,18.500807449530765,,5.144237625629396,4.369402217365019,False,False,False,"roe,de,ev,pb,mca",5,EXCLUDE,AVOID,
ABT,,,,False,False,False,0.12055089222258504,0.07288521391740604,0.6539828278365764,17.112583074927823,3.3672141002832388,1.5874501559811798,5.497970937901828,False,False,False,"roe,roic,ev,pb,mca",5,EXCLUDE,AVOID,
CLX,,,,False,False,False,,0.1710794297352342,,12.72240629678211,,2.078942612660246,2.3063171814414445,False,False,False,"roe,de,ev,pb,mca",5,EXCLUDE,AVOID,
DASH,,,,False,False,False,0.09080211806236517,0.06866889136077123,0.3223181015885468,37.05526316231653,6.056304126387584,3.1333869149662914,6.067380519463579,False,False,False,"roe,roic,ev,pb,mca",5,EXCLUDE,AVOID,
AMGN,,,,False,False,False,0.8487486398258978,0.11727030806007849,6.237540805223069,14.021000443794888,20.508500478666853,2.0374591304046135,2.805581753154091,False,False,False,"roic,de,ev,pb,mca",5,EXCLUDE,AVOID,
AMCR,,,,False,False,False,0.05819242983434898,0.02390944034982544,1.4338683374817611,11.697008746083348,1.551550152037125,0.4810044920809043,1.539997852525058,False,False,False,"roe,roic,de,ev,pb",5,EXCLUDE,AVOID,
HLT,,,,False,False,False,,0.20518134715025907,,28.26291986915845,,4.393605165136929,6.491515547744622,False,False,False,"roe,de,ev,pb,mca",5,EXCLUDE,AVOID,
CRWD,Information Technology,Software—Infrastructure,,False,True,False,0.05,0.04,0.3,,41.01,,0.45,False,False,False,"roe,roic,ev,pb,mca",5,EXCLUDE,AVOID,
AMD,Information Technology,Semiconductors,,False,True,False,0.12,0.1,0.15,28.0,5.0,4.0,0.55,False,False,False,"roe,roic,ev,pb,mca",5,EXCLUDE,AVOID,
VYM,Multi-Sector,ETF,defensive_etf,True,False,False,0.14,0.11,0.8,11.0,2.5,1.2,0.88,False,False,False,"roe,roic,ev,pb,mca",5,EXCLUDE,AVOID,
HII,Industrials,Aerospace & Defense,,False,True,False,0.12,0.08,0.8,12.0,2.5,1.0,0.8,False,False,False,"roe,roic,ev,pb,mca",5,EXCLUDE,AVOID,
CW,Industrials,Aerospace & Defense,,False,True,False,0.14,0.1,0.5,14.0,3.0,1.8,0.82,False,False,False,"roe,roic,ev,pb,mca",5,EXCLUDE,AVOID,
TDG,Industrials,Aerospace & Defense,,False,True,False,0.0,0.15,5.0,20.0,50.0,3.0,0.75,False,False,False,"roe,de,ev,pb,mca",5,EXCLUDE,AVOID,
VST,,,,False,False,False,0.40039306771484723,0.08784790278322227,3.5577988207968554,10.499737610758435,9.043729368379294,1.2253740988384552,0.9108325659266433,False,False,False,"roic,de,ev,pb,mca",5,EXCLUDE,AVOID,
OKE,,,,False,False,False,0.1579371114192423,0.06304343944723169,1.5052108959162678,11.339773623527106,2.517077793541935,0.8251001895842858,6.835502634688207,False,False,False,"roic,de,ev,pb,mca",5,EXCLUDE,AVOID,
ATO,,,,False,False,False,0.09029543251736408,0.05486141571381688,0.6458822898116194,15.485666120312986,2.0565257556505303,1.009214148203458,2.262941113248427,False,False,False,"roe,roic,ev,pb,mca",5,EXCLUDE,AVOID,
IR,,,,False,False,False,0.057689850713997896,0.03908460785554009,0.4760248056530157,22.60914064959591,3.407302098324495,1.9030222294552464,1.1181276679852512,False,False,False,"roe,roic,ev,pb,mca",5,EXCLUDE,AVOID,
Q,,,,False,False,False,0.0836348455329808,0.05361762869123026,0.559838575006958,18.976651397914672,3.359504781742167,1.7166608377728232,4.019338757910374,False,False,False,"roe,roic,ev,pb,mca",5,EXCLUDE,AVOID,
AXON,,,,False,False,False,0.0582856292370957,0.03841424229460517,0.517292174868206,111.27374880963332,9.685852228808873,4.8438697753287805,0.9195406065573347,False,False,False,"roe,roic,ev,pb,mca",5,EXCLUDE,AVOID,
AVY,,,,False,False,False,0.29984785916105194,0.11325649361310873,1.6475114105629212,17.540930718212845,9.257855082709813,2.372050833957847,19.202888409087294,False,False,False,"roic,de,ev,pb,mca",5,EXCLUDE,AVOID,
ALB,,,,False,False,False,-0.02364272955990422,-0.01985040067746306,0.1910454576741487,38.60193077641449,2.1440125963117183,1.3949462218736997,0.15795488991130444,False,False,False,"roe,roic,ev,pb,mca",5,EXCLUDE,AVOID,
TTWO,,,,False,False,False,-0.0849354866273605,-0.04609534409200519,0.8426044603947705,30.987987951588135,10.518282347118971,3.935612316960099,0.5508317918296848,False,False,False,"roe,roic,ev,pb,mca",5,EXCLUDE,AVOID,
REG,,,,False,False,False,0.07927391269339829,0.04374881855323582,0.8120240800773557,16.175456618029404,1.9963327806655657,1.0547203723408494,3.593492350486691,False,False,False,"roe,roic,ev,pb,mca",5,EXCLUDE,AVOID,
ALGN,,,,False,False,False,0.10360293814628024,0.10078436971555023,0.027966324924043582,12.916550786664143,2.958846765550351,1.9444343680578868,3.7671543833001455,False,False,False,"roe,roic,ev,pb,mca",5,EXCLUDE,AVOID,
GS,,,,False,False,False,0.14715512045739604,0.03240786412660376,3.5407225814858854,,6.416866873760851,0.3824305393189454,7.0484317072253395,False,False,False,"roe,roic,de,ev,pb",5,EXCLUDE,AVOID,
APH,,,,False,False,False,0.31949373247095186,0.13645239062877187,1.341430084139431,21.374833837169675,11.118950921609374,3.6884248095626293,5.612558263121307,False,False,False,"roic,de,ev,pb,mca",5,EXCLUDE,AVOID,
SPR,Industrials,Aerospace & Defense,,False,True,False,-0.1,-0.05,2.0,15.0,1.2,0.8,0.4,False,False,False,"roe,roic,de,ev,mca",5,EXCLUDE,AVOID,
PLTR,Information Technology,Software,,False,True,False,0.08,0.05,0.0,,34.07,,0.35,False,False,False,"roe,roic,ev,pb,mca",5,EXCLUDE,AVOID,
ANDE,Consumer Staples,Food Distributors,,False,False,False,0.08,0.06,0.5,,1.88,0.574,0.55,False,False,False,"roe,roic,ev,pb,mca",5,EXCLUDE,AVOID,
PLD,Real Estate,Industrial REITs,,True,False,False,0.08,0.05,0.6,,2.5,1.526,0.8,False,False,False,"roe,roic,ev,pb,mca",5,EXCLUDE,AVOID,
ALL,Financials,Property & Casualty Insurance,,True,False,False,0.12,0.09,0.35,,2.31,0.65,0.78,False,False,False,"roe,roic,ev,pb,mca",5,EXCLUDE,AVOID,
FITB,Financials,Banks,financial_value,True,False,True,,,,,1.59,0.284,,False,False,False,"roe,roic,de,ev,pb",5,EXCLUDE,AVOID,
IBM,Information Technology,IT Services,,True,False,False,0.25,0.1,2.0,,5.98,1.586,0.78,False,False,False,"roic,de,ev,pb,mca",5,EXCLUDE,AVOID,
SMG,Materials,Fertilizers & Agricultural Chemicals,,False,False,False,0.12,0.08,1.5,,-13.52,1.019,0.55,False,False,False,"roe,roic,de,ev,mca",5,EXCLUDE,AVOID,
AMT,,,,False,False,False,0.8233407142451599,0.05961096563886069,12.811900300914097,17.754322613704332,22.388867012312158,1.2472131228405146,3.255680061760644,False,False,False,"roic,de,ev,pb,mca",5,EXCLUDE,AVOID,
PNW,,,,False,False,False,0.09254109663947759,0.029448559465497133,2.1424659921957026,12.366682915683336,1.7128846784152225,0.3944832352214018,0.8221327838329596,False,False,False,"roe,roic,de,ev,pb",5,EXCLUDE,AVOID,
UPS,,,,False,False,False,0.3329949882636554,0.1181541924592009,1.8183086975829474,9.022007703704768,5.214824570807716,1.144721131190269,4.321815311935168,False,False,False,"roic,de,ev,pb,mca",5,EXCLUDE,AVOID,
ES,,,,False,False,False,0.10576669822363506,0.037303177713897476,1.835326765854352,9.906207351128762,1.557633648818138,0.3979310555328762,4.537295923370312,False,False,False,"roe,roic,de,ev,pb",5,EXCLUDE,AVOID,
BKNG,,,,False,False,False,,0.922085705723704,,13.214954529743864,,4.695966784093763,1.6069396951312462,False,False,False,"roe,de,ev,pb,mca",5,EXCLUDE,AVOID,
ETN,,,,False,False,False,0.20232239744434866,0.09601963709871493,1.1070939607524974,25.67387495621711,7.022997000787945,2.5143055977587196,11.568452868707608,False,False,False,"roic,de,ev,pb,mca",5,EXCLUDE,AVOID,
EW,,,,False,False,False,0.10581457274267732,0.09907165651290978,0.06806100217864924,28.458925628172732,4.464784803129634,3.4614047574033338,2.793176876081411,False,False,False,"roe,roic,ev,pb,mca",5,EXCLUDE,AVOID,
RSG,,,,False,False,False,0.18105175292153589,0.0832086546207849,1.1758764607679466,16.05222201223281,5.703734745969751,1.9748769438357694,25.36107922220277,False,False,False,"roic,de,ev,pb,mca",5,EXCLUDE,AVOID,
KKR,,,,False,False,False,0.09711441308679164,0.03478889751506465,1.7915346568467176,11.963065960338492,2.7180672675287316,0.2011495036573921,1.216136711870196,False,False,False,"roe,roic,de,ev,pb",5,EXCLUDE,AVOID,
ROP,,,,False,False,False,0.09108831969391008,0.05853766819206339,0.5560633436071846,13.090826827068717,1.8503792122885376,1.0078040455458543,6.918484581240617,False,False,False,"roe,roic,ev,pb,mca",5,EXCLUDE,AVOID,
BDX,,,,False,False,False,0.04715730150837063,0.027480621091014464,0.7160202221117189,15.750509690623984,2.3976734307166656,1.1382722542897108,0.9220757483630766,False,False,False,"roe,roic,ev,pb,mca",5,EXCLUDE,AVOID,
SEDG,Information Technology,Solar,,False,True,False,-0.05,-0.02,0.8,,6.12,,0.25,False,False,False,"roe,roic,ev,pb,mca",5,EXCLUDE,AVOID,
SCHW,Financials,Capital Markets,,False,True,False,0.14,0.1,0.5,,3.64,,0.75,False,False,False,"roe,roic,ev,pb,mca",5,EXCLUDE,AVOID,
BMY,Health Care,Pharmaceuticals,,True,False,False,0.18,0.12,1.1,,6.54,1.381,0.7,False,False,False,"roic,de,ev,pb,mca",5,EXCLUDE,AVOID,
ENPH,Information Technology,Solar,,False,True,False,0.1,0.08,0.5,,4.15,,0.3,False,False,False,"roe,roic,ev,pb,mca",5,EXCLUDE,AVOID,
VZ,Communication Services,Diversified Telecom,,True,False,False,0.2,0.08,1.8,,1.85,0.509,0.82,False,False,False,"roic,de,ev,pb,mca",5,EXCLUDE,AVOID,
WM,Industrials,Environmental Services,,True,False,False,0.25,0.12,1.5,,9.15,2.584,0.9,False,False,False,"roic,de,ev,pb,mca",5,EXCLUDE,AVOID,
MMM,Industrials,Industrial Conglomerates,,True,False,False,0.25,0.12,1.2,,30.64,2.261,0.72,False,False,False,"roic,de,ev,pb,mca",5,EXCLUDE,AVOID,
ORLY,,,,False,False,False,,0.3397504230725571,,20.44102620263076,,4.448218245414773,9.856358460237743,False,False,False,"roe,de,ev,pb,mca",5,EXCLUDE,AVOID,
ON,,,,False,False,False,0.07857074379938918,0.055654721483867214,0.4117534272840571,16.537931060231834,3.300378235646477,2.0063918942301826,0.06502708690821236,False,False,False,"roe,roic,ev,pb,mca",5,EXCLUDE,AVOID,
