date,MatxStaples,MatxHealth,StaplesxHealth,IndxUtils,MatxFins,EnergyxUtils,FertilizerxDefensive,FertilizerxPersonal,DefensivexPersonal
2025-07-29,,,,,,,,,
2025-07-30,,,,,,,,,
2025-07-31,,,,,,,,,
2025-08-01,,,,,,,,,
2025-08-04,,,,,,,,,
2025-08-05,0.3273987131953374,0.2894716488211284,0.4480698569110036,1.0,0.7327497125552819,-0.9907402282190919,0.7121852926959944,-0.6190388728697696,-1.0
2025-08-06,-0.5386692371385289,0.05831313869980251,0.31751795008810174,0.48001034095570017,0.32888997934929926,-1.0,0.20362309044353666,-0.37620481129269356,-1.0
2025-08-07,-0.2643725486563805,-0.28921272991143,-0.251639567024268,0.3246030074926416,0.3922736978239398,-0.7962687166135993,0.132779338265546,-0.31565069576275806,-0.9329973820378162
2025-08-08,-0.07127992118462151,-0.6555673263710062,-0.5198781524262185,-0.0018995144352829674,0.2104779380345383,-0.6392961507576812,-0.4932959668842025,-0.6223394028513436,-0.08734835921706696
2025-08-11,0.14152264987977217,-0.614646377384765,-0.44331658801953766,-0.019866873502266597,0.5876738925976519,-0.6763382175202083,0.011416756977878584,-0.5066351571651048,-0.0729831441742374
2025-08-12,0.05523620118435796,-0.4948206971228495,-0.3809384428067684,-0.01421522023937095,0.3593221520417419,-0.5611241370698076,-0.13972541500868627,-0.6209118820125505,0.43542018967395263
2025-08-13,0.07051433978987802,-0.4453407759066974,-0.5251231843024775,0.012452706990654424,0.28389647118965056,-0.5290895308379117,-0.12018166279316836,-0.5376369158125897,0.37356727966651265
2025-08-14,0.05524629404852244,-0.4385702203016179,-0.4335613376915266,-0.07457030194286512,0.2775990906344476,-0.5880921405233502,-0.03429052648632183,-0.49008786025442824,0.29655694096457574
2025-08-15,0.05845866199036342,-0.4440318796393702,-0.4251481624571762,0.21108297245367136,0.20368487998094834,-0.4648026340134088,-0.03259662357607228,-0.4371929727268089,0.2649914320235154
2025-08-18,-0.17264814953108215,-0.34953220806020724,-0.4773334120448372,0.117934503796948,0.3359167038290378,-0.41120694342238145,-0.0486221875830232,-0.5931282619673373,0.2755653945742232
2025-08-19,-0.17147042672481252,-0.29037064749122754,-0.5513731111663267,0.12387225965859995,0.28407018087753255,-0.3136942332103516,-0.04419382232130796,-0.5430988436783081,0.25146809738219994
2025-08-20,-0.08995776830912901,-0.2844791666302116,-0.5449592661925883,0.18434270086943547,0.27704092327189567,-0.25026404436835936,-0.04471552771109555,-0.4861782114958424,0.22609242942462013
2025-08-21,-0.048628151460697176,-0.19835844260203606,-0.4903286333163151,0.2242302633988668,0.0012323333532739955,-0.2940368217363613,-0.062363058591113324,-0.4540207277010021,0.2099340022320137
2025-08-22,-0.03280113675031919,-0.184806557116087,-0.45607063813897464,0.20734435175722604,-0.029212446584831988,-0.135878981568976,-0.09033422870604324,-0.4224970561126249,0.21160675397488068
2025-08-25,0.03129886675237646,-0.11012862968917668,-0.39168508116904194,0.1684702240731631,-0.07630068452977871,-0.14699663302460672,-0.09434535228205218,-0.3133573019285496,0.18621362834717983
2025-08-26,0.0927197693394538,-0.12427414873890441,-0.40979853832044066,0.17858462020140276,-0.08808406980286439,-0.11631124705430067,-0.0798745607467094,-0.243707910741014,0.18056972748985253
2025-08-27,0.08473067754593633,-0.10789295834734319,-0.3937474783188326,0.08426035752055397,-0.0753198956815045,-0.2091055845168625,-0.07540473701762362,-0.2429355568323245,0.17007641706261192
2025-08-28,0.053462039784183256,-0.12638227818638506,-0.28614974080675454,0.07466230203104342,-0.11422678054673781,-0.16937470044213657,-0.09068183529136156,-0.20067292555786148,0.1011263834779114
2025-08-29,0.07686824230768587,-0.26331984608774184,-0.2935352739495201,-0.036492347641225706,-0.03971440550308933,-0.3340726132115186,-0.013075435523805704,-0.19960820231949936,0.08367164181679136
2025-09-01,-0.031620021650014346,-0.14743308120208032,-0.35934919356028633,-0.04829402433844189,-0.02360976564973332,-0.31375626726228467,-0.01188404012863594,-0.02808237423103968,0.07948921263038441
2025-09-02,0.019845649910386155,-0.1323290304000193,-0.33305959233900734,-0.05925527438869993,0.07336426215413719,-0.33255033016623364,0.06217105585583683,-0.03578411312626198,0.050144942641061306
2025-09-03,0.051820089672560694,-0.11171003083107123,-0.30938735735568595,-0.022671145933854303,0.14951206151598928,-0.36108285631390924,0.06545542641605409,-0.032910494601408324,0.05192175733110332
2025-09-04,0.019629605379766997,-0.16642407611166693,-0.1815530363898695,-0.024135398057416883,0.15527729703779258,-0.34692549431751496,0.06229085081300224,-0.02725681553382222,0.049273850663560506
2025-09-05,-0.031360495951652786,-0.11148677330882674,-0.24211019611487222,-0.054363024740995726,0.16747915998371593,-0.3220320684464449,0.0640050103100526,-0.03430118362671918,0.04300499363813743
2025-09-08,-0.0014434222505853543,-0.1167299169165161,-0.25850382861009813,-0.16778678461077567,0.1917790462994684,-0.36009142213602224,0.07280184587329214,-0.033041000546839165,0.038273130168723656
2025-09-09,0.0329993435040386,-0.08327299055338912,-0.1817596488991641,-0.1864174991165339,0.16025078151209815,-0.3384693380120925,0.1405311492008499,0.026132918186604702,0.06732739761475655
2025-09-10,0.055423252741770845,-0.037456829272479564,-0.16102877995695325,-0.19834768194966954,0.16765420484996216,-0.35157835744137383,0.20909277904044832,0.10555492845244122,0.19078040135124594
2025-09-11,0.0561789797802061,-0.04284603935333045,-0.15971351505139814,-0.23829217591570198,0.1497395557063593,-0.3657463217789549,0.17709245393978004,0.05628973592884885,0.2880573145442106
2025-09-12,0.08273223389088392,0.002232744625199762,-0.12820285109529414,-0.29258642088481224,0.11087609387405659,-0.32092176824970176,0.1716107554252228,0.03622526922254731,0.2739674584390585
2025-09-15,0.13671230544574553,0.05817530550944854,0.02903643340378692,-0.3339268430964513,0.10195089904603549,-0.3168561892094538,0.17019916749741945,0.03065180786884726,0.2571446502506908
2025-09-16,0.20380496830977501,0.09197162916786562,0.04657159029221346,-0.29899952983175665,0.08758860366060248,-0.3272846636062829,0.1801081646702527,0.06749411351083218,0.27583322611126115
2025-09-17,0.2094585009608128,0.10941458766561532,0.0985661938401918,-0.28534753971775295,0.11618262172735477,-0.31324694705092626,0.18963414984647475,0.0669011005430973,0.2680678982335523
2025-09-18,0.24627219254951085,0.08167871258734244,0.07671000395046201,-0.2590786318545699,0.17421307789315552,-0.36173815394420983,0.22706308352938093,0.17401008688817418,0.3515841227045403
2025-09-19,0.2170420743479597,0.09502433099692964,-0.06840552072797107,-0.28962749198217663,0.1855472924820873,-0.3748427529865909,0.19783900756485234,0.15880375444387412,0.39540007260493565
2025-09-22,0.21456002556248024,0.09973171188424303,-0.02744194064184885,-0.29205982711051753,0.17871034699431643,-0.3731831756815604,0.21174853912548716,0.13348045747749704,0.366228508861946
2025-09-23,0.20738760325145483,0.07718535591917391,-0.033395366845699576,-0.3006806696330128,0.1512761470744145,-0.3242660795899981,0.20003207859420388,0.11899845072597193,0.3707612594903818
2025-09-24,0.20803770427348026,0.07214294910607018,-0.03306441679918949,-0.42517924118932343,0.15324822033876492,-0.40807954120584305,0.15470178995285847,0.17722446940055653,0.2774866718781631
2025-09-25,0.2726538591659858,0.05289103239221146,-0.03559973660795514,-0.45878416296632524,0.23341078023595757,-0.38179913231241813,0.24468688048212472,0.2010746367873541,0.2852418865220979
2025-09-26,0.2649016895067306,0.053436491551908834,-0.012681051390804832,-0.46902296228846846,0.21295471988219944,-0.3813926786684999,0.23744982433553877,0.199799354818963,0.300087801010321
2025-09-29,0.25366785779648754,0.05383182515886561,-0.0018464696921821743,-0.46367514172381685,0.2067244852131773,-0.383550668906879,0.24916150453886476,0.18435253989049602,0.2883097632792522
2025-09-30,0.31245769110211363,-0.0018150960285577,-0.06638324420052348,-0.44150903161324484,0.17137050859474323,-0.3655719886327602,0.24228518044174177,0.23026281070290827,0.2811744897703882
2025-10-01,0.339384579255025,-0.04787398060736047,-0.13460694307756843,-0.43161990688494456,0.16113355136817636,-0.3893506728654548,0.3022925679485481,0.2528607698295466,0.29919578482783665
2025-10-02,0.27497955657993056,0.027651719430080983,-0.22912612002116475,-0.4071555601589619,0.1460386223187886,-0.375790528400198,0.2812784800417535,0.2648552210687522,0.28771035404711537
2025-10-03,0.3885133532271204,-0.0055056540463760545,-0.23189931909375358,-0.3994423836596548,0.10737556376079899,-0.3455429028354045,0.3652676637040919,0.20800846354065045,0.257277801214966
2025-10-06,0.3673233915969937,-0.0038787600691214718,-0.2433851546949909,-0.37578297089426893,0.1108097203201554,-0.32193420886921364,0.37344428499408977,0.18990106341871116,0.22071481007220028
2025-10-07,0.3537294914829529,-0.014677777193285935,-0.24298082518160025,-0.3372877919308247,0.12449379792000428,-0.34401208083924156,0.362073029497658,0.1837102225530735,0.21443843321664172
2025-10-08,0.32245653451749223,0.006273421001768659,-0.28833819303999175,-0.32252573557689357,0.12573333206095616,-0.3278087153092902,0.3668286432814756,0.16556257286206477,0.1902638693816323
2025-10-09,0.3216352567363902,0.014990149627675179,-0.2717265450918868,-0.29599304368663193,0.08377153544946955,-0.3629300266452906,0.3539649296116269,0.1624352184533662,0.18433507302572197
2025-10-10,0.30408890478198053,0.01065545484449967,-0.24317209790880395,-0.3729872200429739,0.08468881401180098,-0.32591823023148675,0.3465750634023516,0.15008375394499113,0.15487373497435308
2025-10-13,0.30966448514858574,0.01595344811109352,-0.22620176351477966,-0.3472231074160185,0.09606173174610319,-0.2998325601923827,0.3558216202153387,0.12904754767132381,0.139884198265682
2025-10-14,0.3810299957048114,-0.026743436102526857,-0.331649632884533,-0.30638489025011084,0.0769182228613466,-0.24191378387346352,0.34538485514140277,0.12502706389224785,0.15681404984311062
2025-10-15,0.36389871261605455,-0.009856979785598512,-0.31692380247090846,-0.2274161477296155,0.08735011864626613,-0.19529930326122766,0.33681246818449434,0.1230581412435414,0.19539201105274495
2025-10-16,0.3306364652417349,0.039452818277851305,-0.30786588296983036,-0.20072587339272988,0.06302735142115555,-0.19661395154055816,0.3825927051751446,0.09004526195958842,0.1612025718189044
2025-10-17,0.2811121137477247,0.021634250483660897,-0.27256187019262335,-0.2087539714829305,0.057297561018879506,-0.18486703534850057,0.3639479412288666,0.06896321301582464,0.18022832552213872
2025-10-20,0.2531977999081536,0.10248370363396762,-0.27715488209368044,-0.19544111414355286,0.04512740038762388,-0.17745205590304103,0.35838821430707773,0.07957998251721873,0.19604794186937013
2025-10-21,0.26273510509583875,0.17947221180920825,-0.14305806579502434,-0.19571959189971633,0.06198766670374149,-0.1457228853785073,0.33633179358704735,0.06379765630037348,0.27431624046000325
2025-10-22,0.23707974414710137,0.14884214309458407,-0.0826030855525828,-0.16914895750289322,0.04702783789108071,-0.14734008773843638,0.32910402421567037,0.06237363112428977,0.2764714847322691
2025-10-23,0.26421891236460837,0.16166816609154974,-0.05476375244468158,-0.1802743871790347,0.08648654290236668,-0.10644240421725665,0.3373918266366922,0.06178257973770315,0.2705474431859732
2025-10-24,0.24448805225736192,0.12452868923384311,-0.050140496009501774,-0.14441641113151307,0.06382634089674613,-0.13868908007633485,0.31087875605614096,0.05353719883990224,0.2662087595136572
2025-10-27,0.2959283480309352,0.13949535763521564,-0.010298534370407918,-0.15759807100289214,-0.019097684311637372,-0.12905700108571802,0.306250146819343,0.04960022403388527,0.2414103385032858
2025-10-28,0.28637960414175184,0.1289531428596107,-0.009947890616766365,-0.13732388050977076,0.031554075373581764,0.008980408005880847,0.29158348701242615,0.04797549759977646,0.23539086887731278
2025-10-29,0.2507644449986626,0.1537528077831408,-0.014782625773741367,-0.14254756821033424,-0.09059909902976947,0.016687130202004033,0.25763965427128616,0.06613168550443181,0.22159396653983088
2025-10-30,0.2432407472047007,0.16478257054070317,-0.011924078063849253,-0.004112428996922601,-0.061702509525162805,-0.11620361966519739,0.26258131638846427,0.07270666426766689,0.22520516197403126
2025-10-31,0.22070793879059802,0.1455107483066992,0.002549995746258374,0.02845723339831297,-0.07378654370326358,-0.07983436084105577,0.2547038460433503,0.07228862705707763,0.218360081802422
2025-11-03,0.1897838517961398,0.12305911665286912,0.07286255039168038,-0.021769407175165338,-0.08005968463417708,-0.08369542779832445,0.2531860579986989,0.08780308385400634,0.24340840853800527
2025-11-04,0.17922663135839872,0.09500402297877424,0.07250931465475191,-0.022151346738148902,-0.08067724539372535,-0.07948661160278338,0.25148063179363,0.08962766025898551,0.2377722459318333
2025-11-05,0.10200302453007849,0.18501256676582656,0.048402286505206255,0.11068913596739231,-0.20577447957703754,-0.013163410857915628,0.1653156193095211,0.16675322162173462,0.15197050894362274
2025-11-06,0.07191547800053001,0.1879902615704939,0.03234854163669518,0.049742235731572916,-0.15404965983382773,-0.007902109070887241,0.14799546914486958,0.15918296859008033,0.20287334143821475
2025-11-07,0.05593083750612157,0.2003668151797915,0.028840132225014182,0.05265331178614975,-0.11054636010265545,-0.004762864322079249,0.18616119029866252,0.17527239970461914,0.21632558592122772
2025-11-10,0.03661039952572472,0.2193302556115998,-0.0053243856229817955,0.044514848001575694,-0.06504784043835635,-0.002476386357912241,0.16475477107733116,0.1827586979853482,0.18861244749862477
2025-11-11,-0.05125684532145091,0.14659100495465824,0.027255036643367436,0.029938451556312234,-0.11290359338410046,0.01390522183052837,0.13452761568251168,0.19204590996473989,0.17862745921681394
2025-11-12,-0.07849823633900568,0.10243199489047847,0.03738130192036581,0.042503588621472174,-0.20003976437439175,0.015692702742696348,0.13002461738354346,0.1901302498929157,0.16776963405030193
2025-11-13,-0.1290027579573777,0.050528666818597294,0.10810767229848184,0.0487342158321838,-0.15830887008292496,0.008421205653286613,0.10819863009491477,0.13702311961564156,0.17709527064980157
2025-11-14,-0.10229120010685648,0.04446932729343622,0.10046699277487717,0.038702109477686715,-0.13612167188076502,0.015120360866168168,0.0930649379912446,0.12471621231209673,0.17980000376947888
2025-11-17,-0.136809239274227,0.03284390295512559,0.10883604744237219,0.04325240310422509,-0.06498126712478294,0.02220389601257331,0.040891287548738615,0.10052406943587452,0.2016172411737035
2025-11-18,-0.18436593438736532,0.003986265519064818,0.22927587038464314,0.03527146300838013,-0.03535138609947437,0.010973056785576784,0.02355380606023304,0.08282051994676039,0.21768506520456168
2025-11-19,-0.17916445878048207,-0.04018488303618242,0.22890966183945877,0.09364827290761699,-0.04667237983653769,0.05063139298844362,0.01069356981276541,0.10941441828208309,0.19207527165787452
2025-11-20,-0.14234273917751958,-0.1341769105552073,0.20553486064111404,0.08797332424465845,-0.10533570624922364,0.050186292825263996,-0.013478498571221909,0.15494482151101432,0.17432570654832175
2025-11-21,-0.2675329320247979,0.003127243175588018,0.06510460930060397,0.08379491819094695,-0.10588530226220277,0.05187873680543277,0.005438164075979291,0.1859024338946166,0.18175735125269243
2025-11-24,-0.2516803481597647,0.0009742806255825776,0.0377234307177232,0.07997109626868683,-0.09902505600091076,0.04906084588133197,0.007209989456460002,0.17984123900763405,0.15589991485867638
2025-11-25,-0.24463286397064224,0.031569674378470615,0.03127988759391818,0.07678034215166006,-0.0542911780946841,0.0490949829272528,-0.00961609338927507,0.16873215783424078,0.18825953700265846
2025-11-26,-0.24025537375758355,1.1209052633597005e-05,0.03315322746668623,0.0768309192061082,-0.10616792778976783,0.03658952278529907,-0.009271711912559958,0.19055369629946636,0.18353501912743075
2025-11-27,-0.14224311093477227,-0.013057931619265967,0.02244445712547858,0.07320552707114537,-0.058863734236358,0.03647114176860663,0.0203724690288204,0.20835078257735867,0.1852786093385367
2025-11-28,-0.16740770968793223,-0.053998712501466095,0.1375434538857307,0.10664067592609305,-0.05496509168095053,0.09209929719633629,0.02086030101109778,0.2030877760341014,0.18385046909309893
2025-12-01,-0.195805339682498,-0.017932528164396104,0.10167987646040359,0.1498576731719169,-0.06395416979726735,0.1033581158914789,0.03797136760523061,0.17247050244730658,0.15353046873319048
2025-12-02,-0.2275078776675856,0.0041719418936177755,0.07951823574700073,0.16962540599953374,-0.1194478608414577,0.10697400373122719,0.03674765763952603,0.1259709750082255,0.15011742171494208
2025-12-03,-0.21795952022650236,0.0017110168922821259,0.07795311713227551,0.15415329287648388,-0.11843624057520986,0.002431382348290559,0.022129248055253604,0.09840469974160554,0.18029984913636513
2025-12-04,-0.23177380146391272,-0.052490396616877426,0.08805655214989529,0.054576476749772534,-0.12026651609610803,0.011636824695767536,-0.03273543864154372,0.033855537361758795,0.23499772684538428
2025-12-05,-0.22174238544174837,-0.04983399791423945,0.08390140434398864,0.0593273448245837,-0.11876676209573908,0.008428979159732435,-0.025967862873913054,0.037865073637807084,0.3048914817197167
2025-12-08,-0.24510971296778414,-0.02708229921198811,0.06848947869634145,0.04816465405837081,-0.02194613142297143,0.00790072659289444,-0.039576681669799565,0.05211377671441659,0.29185232294583113
2025-12-09,-0.30265794531829804,-0.09674801628145271,0.19676814924018682,0.0507998960666817,0.0010085815418948499,0.008882188933899339,-0.05727196890475926,0.06741774359454282,0.24066567147534446
2025-12-10,-0.2942351060516531,-0.09181777859280742,0.18716722502360217,0.04641842949755858,-0.0026031381398209257,-0.0034166096738119916,-0.05341505254409417,0.06447409711828267,0.23075107766660977
2025-12-11,-0.18647321370096764,-0.09143876212619441,0.17509062888778074,0.01451566427558474,0.12877364409235456,0.04815940139536048,-0.027710065802796488,0.04715902257160099,0.18915181211408746
2025-12-12,-0.18825492873165497,-0.06996772674262583,0.1145719929762108,0.0380343708565425,0.13304758142286077,0.17730960906821328,-0.030404572716521205,0.05033345125904377,0.17110394918483424
2025-12-15,-0.17894369204037627,-0.07621827351603122,0.10849575409648823,0.04264166139888251,0.14100012867323888,0.17758787565322626,-0.014459485495425885,0.0697494049021187,0.17591013337143263
2025-12-16,-0.16816148443942483,-0.07507623803477091,0.08547134567328027,0.089831895066281,0.13606873517874385,0.21480800611274864,-0.013785808308861846,0.06893371654910237,0.17588726171365854
2025-12-17,-0.14186152322501716,-0.06990435418153927,0.08797573086996668,0.057403793505373,0.1231596921842092,0.24012354489577675,-0.00826219999605061,0.06599269236903407,0.17102881940163336
2025-12-18,-0.10336184971823184,0.04425288020577957,0.14394150017570995,-0.026777542496542017,0.12090872576302952,0.2466478313857291,0.04707160303761004,0.032187764301151514,0.15248246031434204
2025-12-19,-0.09593655907017117,0.045684602480897035,0.1384854847079471,-0.02049908391194067,0.09704481632423531,0.23501994377910443,0.037681302158637166,0.013222928364012326,0.18577826795853564
2025-12-22,-0.10163926599779967,0.01494605572005514,0.13503267934436897,-0.027465894055773335,0.0753902468976364,0.32683763049950054,0.026376564754145945,0.01583068931730528,0.16910001318219198
2025-12-23,-0.12108986619465124,-0.0010578331314061648,0.14596544378578236,0.049988574377458586,0.0827996300686516,0.24294098583484836,0.014914242325888992,-0.013366232841018691,0.18734330712114455
2025-12-24,-0.11936037605139345,-0.00022217127595053983,0.13922103523247154,0.052644548303451374,0.06698868811403955,0.21370298742064625,0.0006657089292799404,-0.04727689610230694,0.1940543613560848
2025-12-25,-0.11481767621799653,0.0008862658183098933,0.07796002044284363,-0.030347407963117343,0.06263099470444948,0.22672907914927415,-0.00028505396810472134,-0.03334555650591335,0.18419688378984017
2025-12-26,-0.10892902141144653,-0.0024181590337960237,0.06625846247564374,0.030991264395192543,0.05740416142453856,0.24035707006487858,0.0355746558058837,-0.039841770243255574,0.17610610309955385
2025-12-29,-0.008412941473879235,0.04797449346508888,0.10058201417182239,0.02246602320004226,0.1528402507732641,0.15835137604957134,0.0860847700235838,-0.004675574281236633,0.20408308458770585
2025-12-30,0.0077722409686376,0.11114965764991357,0.15738823236011862,0.02180290223847229,0.13502541449559885,0.1502244090911217,0.06057811060466502,-0.022185564757478828,0.261555094087905
2025-12-31,-0.10100571844523831,0.07614157490024048,0.21395666941302807,0.020539622579412147,0.11207862794752176,0.13101334298367673,0.028450338757205595,-0.017383081175583896,0.25204696112695085
2026-01-01,-0.12091744792043096,0.062194409777661136,0.2096314222831246,-0.02759328213301625,0.08663337238882704,0.0437069549942508,0.020297061837243877,-0.0036366877140923577,0.238938776760708
2026-01-02,-0.1211656846509866,0.08895724299766189,0.1972945329198125,-0.02281679819922615,0.10434464998608226,0.039008929507240976,0.003244091006519425,0.006029068622287186,0.22962024694613362
2026-01-05,-0.014806148053288878,0.08522474651000636,0.18918680043412262,-0.02217755051553596,0.053348146546136885,0.07899685878463865,0.011403746089682516,0.02447946996691651,0.23955582001835513
2026-01-06,-0.02382056808351811,0.11827810896266627,0.12852521727392288,0.07804971891848989,0.024217344143849198,0.05423510832043717,0.0064332427382084905,0.03540962590346144,0.22904995548493362
2026-01-07,-0.01934201595399685,0.133104408252998,0.1342449553354215,0.15561819851055114,0.04028547593359777,0.019460561660136363,-0.0010778018763693336,0.03753244591373596,0.2217475169563175
2026-01-08,0.01940960798181738,0.12507750454918146,0.12671834077691232,0.19309145868895433,-0.02003312137597639,-0.0031175711505180836,-0.013271882450425654,0.035505382545848375,0.2224079726000522
2026-01-09,0.005175104882119745,0.09350443636839019,0.13904153860269688,0.054815893297539414,-0.04226215752899744,0.12702492406517496,-0.014406928096430339,0.03156803890968511,0.2476167082067868
2026-01-12,-0.048815681891227106,0.07953303053273174,0.14063025783641328,0.05287252563775756,-0.10420310824722767,0.05625025612721829,-0.016867476595438174,0.023434980371188074,0.24504842945758246
2026-01-13,-0.16917178413678216,0.11612824239708626,0.0994133638034051,0.07162608682927991,-0.1198048934481226,-0.05214655168737645,-0.02366717994933541,0.0014805125205623049,0.24536447112841236
2026-01-14,-0.1594333325400624,0.1139384705380184,0.16293340447320015,0.06540066558474375,-0.11369481376740087,-0.04373217890668103,-0.02521334411298701,-0.0001873010144447919,0.283408991763531
2026-01-15,-0.19812079572032576,0.15261454462814045,0.14783292321075636,0.0771220755910296,-0.035290014400945535,-0.02954838161473128,0.024755583297320357,-0.036708414451421284,0.22330815209453395
2026-01-16,-0.18260786404379975,0.18337077173195046,0.14960588991933094,0.07272597446812329,-0.043213765806386,-0.031694386269323256,0.017358738091542075,-0.05311037561934659,0.22279525798161884
2026-01-19,-0.1592035775241898,0.17178499222566057,0.14005963539031854,0.07237533733246222,-0.022120422569542858,-0.03589887367212643,0.030007323052995985,-0.04643743990735758,0.22601287232224818
2026-01-20,-0.1509479754830042,0.17284688166612733,0.13670275112428237,0.14938599677943432,-0.009121345798625603,-0.06926970446809882,0.030566505136858796,-0.04269639550313333,0.22286766190489726
2026-01-21,-0.12843012428996814,0.1772187351598915,0.15006249644421824,0.099553738043545,-0.032289538409335,-0.12432355592405706,0.0454702430474354,-0.04195441632507932,0.21652560717694194
2026-01-22,-0.12339827858614663,0.06434933851409717,0.14379289592784747,0.09556636629468174,-0.07741948962688613,-0.12203106903782034,0.023858908687217257,-0.08133577200679268,0.21941509098825626
2026-01-23,-0.1078418882043117,0.06867398856014163,0.1659123334467392,-0.0398148176327239,-0.060472423835404944,-0.19050592201902555,0.02385458060501223,-0.07124872239060895,0.2168354596991049
2026-01-26,-0.11096110178878145,0.08004067438533642,0.09844152966680883,-0.04176953857620032,-0.056296888670853036,-0.18079342302119317,0.02021679596554532,-0.06275429077156275,0.2072504874572131
2026-01-27,-0.12561742159412922,0.07122184258012387,0.10113172991095272,-0.17114382929393263,-0.004401717103612264,-0.1390003919207391,-0.0019338554547589752,-0.09473651616658063,0.21991485792668003
2026-01-28,-0.15408604040689705,0.0686772226253436,0.09483494465814449,-0.16629845714224853,0.01929623557478923,-0.1268717642049937,-0.03339090755844053,-0.07792957955331253,0.20674766537837827
2026-01-29,-0.17810329214025472,0.047311290213419524,0.09311191870901395,-0.15999672236025264,0.002050238333587348,-0.12021026334378494,-0.10688080626110512,-0.10160690482129783,0.22466367169350382
2026-01-30,-0.1701045168325263,0.06773506673279411,0.08939663897406606,-0.15473550979333217,-0.039535738959276555,-0.11626442271369158,-0.10655132759811062,-0.0926574791157075,0.21349947560011606
2026-02-02,-0.18402242936674698,0.06375727636508628,0.08727188190817102,-0.09873775435342268,0.014627038788735787,-0.1569412073438749,-0.0988315901307769,-0.10112481327717252,0.1845691712356384
2026-02-03,-0.1933143575339033,0.05261064657183907,0.15772041238270712,-0.03933436498305968,-0.0037829003425235014,-0.08400158628821998,-0.09787110506864448,-0.10083923436725743,0.22433061803228246
2026-02-04,-0.21013350674157197,-0.006467544045227952,0.19180161924006967,-0.06383168615265464,-0.030671105062332497,-0.033867397242741015,-0.10900391553121447,-0.12966430073329197,0.23032684624529273
2026-02-05,-0.20141475414044924,-0.007548842729179968,0.19930394577832838,-0.0170004782772004,-0.029728115333738127,-0.04876077657691902,-0.10570188004441029,-0.12558469489989,0.27640654063662107
2026-02-06,-0.16879713324387424,0.1019213508946653,0.21526311101569756,-0.044592387367127874,-0.0749006890064081,-0.06138023002525275,-0.15507018743962966,-0.09740380815826222,0.2591570561747919
2026-02-09,-0.16481074574677224,0.09364411061832471,0.21655997345136202,-0.06536114222609395,-0.07377329461255738,-0.05612743539161133,-0.1460681397924608,-0.09323548148058455,0.2563971937045455
2026-02-10,-0.16066345163716791,0.0857337544143581,0.21010298446252884,-0.07943560930713095,-0.0750985684017605,-0.05194379413379029,-0.14258412825130587,-0.0828998808507577,0.24924253094369672
2026-02-11,-0.21060623230746062,0.1055761149026292,0.1644202114799842,-0.00925895068428588,-0.07736721546818684,-0.07038259437855138,-0.15076838803595238,-0.04749246166010966,0.2284643176912734
2026-02-12,-0.22243709882630736,0.07332090784409612,0.16947079889374364,-0.009898942240126862,-0.11142449996921573,-0.06800971736891714,-0.14744078167419633,-0.057026536957952303,0.22304486367516224
2026-02-13,-0.2163316988577385,0.10407128703431591,0.1597932330697777,-0.04343615965302026,-0.12594239947154665,-0.05195471639508031,-0.1437065533629794,-0.05668025539644421,0.2163249571780895
2026-02-16,-0.19668452413590717,0.09758282034310833,0.14132615797532885,-0.057152235397063,-0.12399428107003921,-0.01747451373655491,-0.1475796669747104,-0.06658815665091261,0.21717209518641545
2026-02-17,-0.29932831007007366,0.06681218077169768,0.1754172233501149,-0.05328652692064618,-0.03955637600263888,-0.017284263164135245,-0.1546681836329519,-0.04091214309424494,0.20701531509555707
2026-02-18,-0.2893664798936208,0.06691314596426776,0.14927027423691475,-0.048730309326509604,-0.03844045045986707,-0.009180829994843752,-0.1595647073256919,-0.0432061539904907,0.21575637530032676
2026-02-19,-0.27904189809331953,0.085986237245454,0.13754858124679165,-0.09149565350210975,-0.026700341165312474,0.021641979121461173,-0.14361167021071897,-0.07070876307295205,0.1815377336475082
2026-02-20,-0.24323416242412632,0.06648746439612412,0.07171470070834576,-0.05970011658307586,-0.00679751042564905,0.03289756221676128,-0.07507132450536255,-0.04058703453794758,0.25122892246505163
2026-02-23,-0.2299204037421671,0.06566787756776835,0.15529279866893214,-0.0015185461779843867,-0.006197187784715896,-0.09973937752841243,-0.06653482077523742,-0.03435042495954494,0.3139724798877754
2026-02-24,-0.21934656992718862,0.0749739717537505,0.1487418020419816,0.12974604964740713,-0.008838443377567562,-0.09236853177405359,-0.024635923926277052,-0.08976806358821189,0.25879289280731776
2026-02-25,-0.2011029971652041,0.08610542150844039,0.15947622713503945,-0.007126233890090733,-0.03263400057224526,0.0296710703984311,-0.03436905432746486,-0.04262185897108121,0.23335659439051085
2026-02-26,-0.23978889625611483,0.07462051106496466,0.1646260127837181,-0.010165088405215386,0.017456205890745737,0.029080752556951514,-0.042821151159468496,-0.04602707799886436,0.24205547102839955
2026-02-27,-0.1480534527410248,-0.03978022192076719,0.11115737422119948,-0.009226128714848536,-0.061939831290155935,0.02724165152681483,-0.06909709533211646,-0.10113881099003333,0.2507839028138179
2026-03-02,-0.1590974411979689,-0.0577740091341596,0.23749417947969687,-0.004357539156473649,-0.07837991335406183,0.04763314141510947,-0.049784258043724286,-0.10396999263700944,0.21239814313383792
2026-03-03,-0.12729533128284934,-0.10161933909046383,0.14848154110374895,-0.016453663900191758,-0.05461657774228685,0.05763586143179668,-0.055979319267712664,-0.12677683047683283,0.2213705687136927
2026-03-04,-0.1041586603713503,-0.0641513890997922,0.17019565047027074,-0.03677938561215867,-0.07015180985715763,-0.014575398020106975,-0.0869571612534934,-0.14062570220960324,0.25238023582694535
2026-03-05,-0.09348003474425293,-0.053416730420128955,0.17270838321993012,-0.054601487595449055,-0.044904594841676415,-0.006724544036392548,-0.08023014087065611,-0.13766179417151855,0.2452658356989311
2026-03-06,-0.04883160559046382,-0.12105035851814437,0.09074537919964454,-0.1834115151339043,0.04656538010816301,-0.13038116238197592,-0.045870513348482446,-0.11243569722585743,0.31334088279220085
2026-03-09,0.04651545286179788,-0.16402240743069899,0.06805777047783927,-0.19991747585955372,0.12916120777627982,-0.13644760726319588,-0.033185091979424736,-0.18379006600768708,0.2981557551548104
2026-03-10,0.01186045274050685,-0.19542494983906838,0.19627927473024226,-0.176858965820113,0.12962159293019948,-0.17819270939856102,-0.03208867389884706,-0.17820639831108473,0.3001435952598551
2026-03-11,0.016212124353807648,-0.19221699431788666,0.14527562983459996,-0.1898990071133397,0.1260375193554287,-0.1909658212561099,-0.03014980385495033,-0.18415629498459177,0.2922497702579348
2026-03-12,0.03158187322149821,-0.2674443484641946,0.08792780296615596,-0.1690793806322451,0.11362652753421267,-0.17515937577834823,-0.008966850522453829,-0.17852435188273488,0.29061270157905345
2026-03-13,0.13337305055284834,-0.3032600415445702,0.026794670618607026,-0.14295849032672417,0.011587877725803788,-0.05539520156135476,-0.021765776500220144,-0.13437961985296493,0.26207532143326634
2026-03-16,0.08645462207757637,-0.2634435356473055,0.01518929753307296,-0.1361410818886854,0.027446996989557108,-0.05617589017417624,-0.05351088210463089,-0.20305460720586282,0.2860774196527654
2026-03-17,0.07291786799985986,-0.17242382776742565,-0.003103080714315495,-0.12465540754074984,-0.015164932898983862,-0.06327890356943958,-0.05845940000477877,-0.204977037723098,0.2831216690390223
2026-03-18,0.040184799119314905,-0.15481867564091858,-0.061472766643823236,-0.1158687704279927,-0.008465901913812504,-0.07032544959308829,-0.06570722517539021,-0.22121932650641335,0.2937792577306034
2026-03-19,-0.04834434664776554,-0.10929534832354221,-0.09792633359365568,-0.06794119363106174,-0.042738454421514915,-0.07422670876555014,-0.06386431243419347,-0.21591120850120218,0.2851771136720626
2026-03-20,-0.03792936962754549,-0.09692818608716491,-0.05466913106102512,0.01613278881417582,-0.04088425126576105,-0.0931685792747187,-0.062389097831705514,-0.210105987807611,0.27681170534995925
2026-03-23,0.0159806584265084,-0.20625488375821202,-0.09921587458663653,0.0024416775091315474,-0.05122099273752543,-0.08890686420480476,-0.06565066119339841,-0.22612863683972756,0.2730954488019251
2026-03-24,0.06240547762598358,-0.27856946231458957,-0.10993725282543577,-0.02984725507844145,-0.07232818326993361,-0.05294946311955035,-0.026763548013004373,-0.21075522342473962,0.27157921162976517
2026-03-25,0.11028203167519154,-0.3493029264914131,-0.19182342403418953,-0.05148182119727941,-0.1504516042683008,-0.10491088673996854,-0.019840312020322645,-0.21508709811495305,0.26407481343808215
2026-03-26,0.13394448922411428,-0.3556486875901353,-0.19736655235001072,-0.04165097344187602,-0.17581554717934997,-0.15738934200554022,-0.028712897822405024,-0.2055042644600881,0.2563994283555393
2026-03-27,0.11981079854379813,-0.35215408131212755,-0.12843537439050326,-0.039654913351047746,-0.16616267766397297,-0.15150106212547734,-0.005737332626608575,-0.1731455392214338,0.3003335232805429
2026-03-30,-0.012149199740505864,-0.24541800202991282,-0.20629323886745496,-0.03878258316892416,-0.15271967055188257,-0.14153017931151643,-0.018540235170165967,-0.13944893538168987,0.2879644940045863
2026-03-31,-0.045442485291562744,-0.2551252446991707,-0.1700016374831253,-0.027819486251622172,-0.10093466040209229,-0.127788186434648,-0.013657033543906145,-0.13236651275923944,0.2882910788125333
2026-04-01,-0.03058929360741234,-0.26199459400749975,-0.17460714643778547,-0.021252704537928498,-0.08764162929689544,-0.12973149361315764,-0.02011241249836009,-0.13223472993252333,0.2945003959298938
2026-04-02,-0.043774595934437735,-0.25514751321783613,-0.16147960935482514,-0.0036965528193005116,-0.10463624609223268,-0.12760013354123437,-0.01685615816650945,-0.13032784555523058,0.2817789259568796
2026-04-03,-0.08060621695617093,-0.2380352960809754,-0.1579338142947956,-0.07753433542721162,-0.2131244928918205,-0.08738812005907974,-0.03594161094404757,-0.12456848621893005,0.27398021945635287
2026-04-06,-0.042967065043344105,-0.26431992507086277,-0.16066156529361147,-0.006919798747628103,-0.29298032519147255,-0.13405141227677325,-0.10914599290224969,-0.16077026239487424,0.3084481518196428
2026-04-07,-0.009868731704054903,-0.2724971755091235,-0.18650475008421927,-0.09571734282420895,-0.2371836788565043,-0.20904892959325744,-0.10742375253657242,-0.1488551719857642,0.3000793974409055
2026-04-08,0.015975194954652827,-0.27200162443306003,-0.1885578254410676,-0.11429224381427933,-0.21919816445725343,-0.2064965616125454,-0.10806719003001534,-0.12894289892355504,0.2907060617561737
2026-04-09,0.019088091195838965,-0.26782356471066165,-0.18720381110574208,-0.09121155647456108,-0.1925804929402532,-0.20881774886797635,-0.09112391152154428,-0.12473253174138557,0.28579246769017747
2026-04-10,0.021040186333752778,-0.24772808001596533,-0.1236244006167626,-0.21842028794432067,-0.17611296623881081,-0.06848797127286849,-0.11179943462525194,-0.13860009066782883,0.35282231123789054
2026-04-13,0.012431873091922665,-0.235731231539528,-0.1186415234930208,-0.23145320764030186,-0.13426200846758887,-0.09411859888662161,-0.10592673675155159,-0.1280799852492563,0.34819193261415265
2026-04-14,0.013474663256568077,-0.22360813612990219,-0.006663712684921705,-0.22002674397533284,-0.12641273346273757,-0.09982032802357926,-0.09561998611101895,-0.12162765105722205,0.3982790185926901
2026-04-15,0.009919663317988206,-0.19234737658750684,-0.009170653390624416,-0.2196801714048744,-0.12246750086745255,-0.08215500860727228,-0.09545202579259646,-0.13336341513301644,0.4028060366650566
2026-04-16,0.00479617817916914,-0.18633204025195396,0.057485518684871596,-0.17513475809905288,-0.11619402097253025,-0.057436533908199874,-0.09637759584816959,-0.1366592123078881,0.4505423692421713
2026-04-17,0.004636976501149532,-0.17822222153300765,0.03987729212958771,-0.036278034902006484,-0.1112872471856783,-0.0018650829963460583,-0.09446202504882052,-0.13318535811761684,0.40771740060433953
2026-04-20,-0.0013214412910893614,-0.16456681494262032,-0.04656930180419115,-0.030568863272877014,-0.10702492316280562,0.0006735372220573448,-0.09646118310157478,-0.12975090741852355,0.3946136450443967
2026-04-21,0.004355495746188263,-0.16445620807502098,-0.04520476559869186,0.05435060503620576,-0.07001495868551535,0.03890837309547608,-0.08108069647096228,-0.13364131545445784,0.37432290092070586
2026-04-22,0.0673429090662596,-0.16780323715933348,-0.07298708161068182,0.052255191377411844,-0.06169158374634803,0.03183806644155571,-0.08375996140719198,-0.13372090002370846,0.37849713334296414
2026-04-23,0.05874863751183659,-0.15543878413063936,-0.07177440190045284,0.061582389817879155,-0.06845262748871528,0.039868860959789365,-0.08209379949179016,-0.1292560644964326,0.35367451714097486
2026-04-24,0.08036797174621436,-0.10844009798688872,-0.03925556686474592,0.1258856936969314,-0.03639437108698572,0.05591555378783229,-0.06607876875754704,-0.1391955093137552,0.3330511374116889
2026-04-27,0.03138934656616148,-0.1266620407110722,-0.027115947393315187,0.16210254628785564,-0.0951998557970612,0.02710817366427823,-0.06220357873780455,-0.13359733003610158,0.34080991915303566
2026-04-28,0.03650410399224677,-0.13269774895949882,-0.0379006685660862,0.07947023613843802,-0.07982444966340427,0.12640416210197677,-0.06625146242799917,-0.1162254287331752,0.32813615859992956
2026-04-29,0.02613212390295991,-0.12471604955367878,-0.0499005891991139,0.10327422480819795,-0.07092894789143908,0.2520738116204861,-0.060238846384752964,-0.12862887983759222,0.29990708571741137
2026-04-30,0.03337839157883304,-0.08315831996063294,-0.04437415160572691,0.006590581051303723,-0.12383977624223277,0.31796482755331323,-0.05736928611993368,-0.12449179285640753,0.3008790061014011
2026-05-01,0.034130547430391074,-0.09199018277752505,-0.052757264632169905,0.005600869885679206,-0.10838274593111409,0.2918829703260208,-0.0558152273576781,-0.12002775133050625,0.2955462368549717
2026-05-04,0.03263793187005394,-0.08796721834977818,-0.050450055400574574,0.005355929614508975,-0.10364289306532626,0.27911818639764746,-0.054437017822192894,-0.11706398321134272,0.28824850358229237
2026-05-05,-0.007595283636114336,-0.08335790590802208,-0.048640565551692314,0.01919814395383398,-0.10187391439200034,0.2531736792064751,-0.05310512457077414,-0.12592371134112526,0.2811374522235768
2026-05-06,0.12393449884911298,-0.13951775382769147,-0.15929923029562548,0.014002604819786393,-0.09031998473192374,0.23796450270242128,-0.025584063473515203,-0.10511147716218325,0.29669009604395064
2026-05-07,0.1320877977754402,-0.10434353694401102,-0.09771448279925513,0.027384510781604907,-0.07567658416879192,0.24277296466937998,-0.03345867114007384,-0.11261751152096931,0.3634400964119034
2026-05-08,0.07987555023295304,-0.06758754467310926,-0.13548327641907065,0.07899141175566438,0.007311093834902985,0.18984445500120894,-0.03648038889863778,-0.15814333011430817,0.36264648577819236
2026-05-11,0.13234858367488964,-0.062114556985891654,-0.1142126471547548,0.07745854228485895,-0.01617728814197739,0.19178254033415626,-0.04567247078095854,-0.18395472000120702,0.42776726671172915
2026-05-12,0.1725717864911395,-0.09476699010041773,-0.1270062144937671,0.09612151551839614,0.023948212272532392,0.21544808773724794,-0.06699149802204789,-0.1893953626127838,0.41972251142420286
2026-05-13,0.16458068692371408,-0.0912370816954902,-0.11798239842958656,0.09184168482832933,0.022223423474428988,0.2018177187232398,-0.06200052956253258,-0.19071035959843982,0.40175283171177145
2026-05-14,0.1613287670205658,-0.104507341476568,-0.12301510330620284,0.09328140564622231,0.032040966871533356,0.1459387644741139,-0.06045578875115155,-0.1795142283855484,0.39185160928181717
2026-05-15,0.15906108543040204,-0.049780172576003416,-0.11108324301808074,0.09323819063900178,0.08291024575236647,0.13821160092207202,-0.0285532860182749,-0.22969521634909404,0.36012048944872255
2026-05-18,0.09243564215374583,0.08207455444427963,-0.1857744218536153,0.08450996829536875,0.1157278539239648,0.15039903542161184,-0.07539730606216169,-0.2625353659976196,0.416391406870103
2026-05-19,0.08194697502867086,0.055500496136913935,-0.16995278271259817,0.12413774606276076,0.12137965541361871,0.15638735601351259,-0.07067694249890995,-0.2573878805820953,0.38469098787686695
2026-05-20,0.13282151346361123,0.10728937428735191,-0.1345998189885257,0.14415526146148497,0.15920980562030088,0.14840897101111036,-0.007934558262857605,-0.2083177156500517,0.4156032002252053
2026-05-21,0.12066959687614728,0.07789154380005689,-0.08134988524314613,0.15901149891394536,0.1711667609964371,0.14524848216609018,-0.03338088199072019,-0.21467834654988396,0.43244366543146695
2026-05-22,0.1037178534889762,0.08723885920968835,-0.0934724127589828,0.10461638903227942,0.18726966053623176,0.1138929382412997,-0.010989475450115842,-0.23851971926930818,0.40481695630875825
2026-05-25,0.058620453467998324,0.150400769284749,-0.1609115361411227,0.0962482176188829,0.2257943764103265,0.07187903561688583,-0.008767815212759829,-0.29802358497863896,0.39402817122148537
2026-05-26,0.015489901905292362,0.14525834183039615,-0.15898248130620884,0.16330834258538482,0.24750159543417308,0.07044115476438155,-0.0031069433420154047,-0.282674519888549,0.38506774966185836
2026-05-27,0.01663165973036083,0.07052946672490648,-0.16125266610319036,0.16951349504930283,0.2280430990472566,0.0826682931674529,-0.005431533929551142,-0.2758914884591596,0.3778284312634287
2026-05-28,-0.005671070445604432,0.16085784320253393,-0.18092247231329153,0.16147157770981313,0.2205929071850231,0.05773959496671138,-0.010787539873792667,-0.282352998415238,0.3714448133177926
2026-05-29,0.03096719553222319,0.08061165626890605,-0.1890111149676576,0.19193497474158702,0.20604267971170034,0.05974933486607416,-0.02230098661828519,-0.25280657302120263,0.36002051689712344
2026-05-31,,,,,,,0.052321200701028005,-0.17249308257792328,0.4252029869355146
2026-06-01,,,,,,,0.04191220416018925,-0.17679959345364318,0.42110369121659447
2026-06-02,0.007601434443414674,0.04819540265459922,-0.16948327554718434,0.22753050406725034,0.21057675685962982,0.08860218704309734,0.03892944056950053,-0.18239625051418687,0.41135262851121995
2026-06-03,0.005606857585096145,0.047353268954073276,-0.16982660285437626,0.19048792274576964,0.19895467777160564,0.09284138313287317,0.03790712459867023,-0.17836447855727672,0.4012002001296286
2026-06-04,-0.05542199454376965,0.04910175420095144,-0.16601327700291957,0.15108681618410058,0.1773789378814734,0.08404366181236923,0.03711443633507269,-0.17428417495413528,0.3912796355399023
2026-06-05,-0.15456761909202363,-0.02098432895238852,-0.13563848978582543,0.12812906266091315,0.30081932298783315,0.12249923695089592,0.036414431462313206,-0.17169487180857013,0.3816140525337005
2026-06-06,,,,,,,0.038575920626861604,-0.16451150125092218,0.3806224087396614
2026-06-07,,,,,,,0.03727107374708716,-0.1607902103851848,0.3721849062407444
2026-06-08,,,,,,,0.034168640277155445,-0.15892789964971843,0.36341479735241466
2026-06-09,-0.1287490941259027,-0.03837488910719723,-0.16150511207363094,0.12394022941336462,0.28385773212368487,0.19760412571687402,0.03316980034181007,-0.15685935518308156,0.3553668700683947
2026-06-10,-0.1124793959759973,-0.0851811660499191,-0.17729665660969302,0.12641424430286333,0.22789586993388913,0.17277069369700643,0.031950807025886555,-0.15261763050723176,0.34635295308196423
2026-06-11,-0.05230347335558066,-0.04183659151724035,-0.10242801087597035,0.11147032613142975,0.3184927511259494,0.16882354325896354,0.03298272557617286,-0.13831239330097378,0.34093724768945777
2026-06-12,-0.13698117010901073,-0.07677795249351754,-0.03727139244789697,0.18785466198596074,0.3075436544508024,0.10156249933085588,0.03193642394136248,-0.13602569431664774,0.33263671197265043
2026-06-13,,,,,,,0.03389269333981315,-0.1300236360266634,0.3250918138079166
2026-06-14,,,,,,,0.03613601276591501,-0.12382423019533234,0.32017946881854914
2026-06-15,,,,,,,0.032870070642904724,-0.12308927028685177,0.31338396403008145
2026-06-16,-0.10324280816837562,-0.10646573079539107,-0.07311180215145036,0.26493638070461106,0.23256552320021223,0.12650632417487406,0.03220738671233342,-0.11975841160736632,0.30655220566173425
2026-06-17,-0.0709463521269038,-0.11934227795353738,-0.09005067325048619,0.2581498279038911,0.21264573389227934,0.12002612222604693,0.030348143011001374,-0.1148140088345535,0.298800082628684
2026-06-18,-0.09644394146997848,-0.1651112874594668,0.023801331456409364,0.36475557199978764,0.17649838408683893,0.18675533199154798,0.02958804603009571,-0.10568569157764858,0.29140771676145405
2026-06-19,-0.0033864742617388394,-0.1709833843533657,0.01816938284933856,0.36180582928037436,0.29271960012715376,0.20677061793981902,0.03141147959265582,-0.10115711191365416,0.28437896151929476
2026-06-20,,,,,,,-0.03460573287881952,-0.14310000358977262,0.35142722700949325
2026-06-21,,,,,,,-0.02594146160613553,-0.13450005005763566,0.34692421475558305
2026-06-22,,,,,,,0.048768454192949034,-0.07378583047213229,0.3852787666223167
2026-06-23,-0.008457879043849044,-0.16652822987414254,0.017573772329018668,0.3475161411583645,0.14872061302196216,0.22620329577229026,0.03729863673913524,-0.0578915228086766,0.36918762523730353
2026-06-24,-0.08556623978419534,-0.19676596784175912,0.07763292739705932,0.34343104813493164,0.13838963284106798,0.2157662565263422,0.032989987076432935,-0.061988781744141415,0.3678330325025856
2026-06-25,-0.0913549221619431,-0.14137961822501663,0.06833254829062986,0.32614923667572265,0.13778954621209602,0.20682866810117426,0.0429746503929241,-0.07473250012323218,0.35325507609642215
2026-06-26,-0.08679733346097922,-0.13332664994210305,0.07083736622073367,0.3277102662418124,0.13050923502202,0.19517982405237602,0.038257943721464696,-0.09006260996565495,0.3514139309050866
2026-06-27,,,,,,,0.034560467503578045,-0.0897062644887817,0.34381376253636325
2026-06-28,,,,,,,0.012568579992404221,-0.10207360402653362,0.36524077725975185
2026-06-29,,,,,,,0.00045176125000019433,-0.108135071280119,0.3596006947233194
2026-06-30,-0.07837777023870597,-0.13396666505983015,0.05737210751764538,0.321820251074703,0.13644514189626786,0.1659779718746737,0.0004063615782293632,-0.11032926875177726,0.3507774047439244
2026-07-01,-0.06441438480237217,-0.12099621253246343,0.13030846650246997,0.316145299889942,0.1334397784604111,0.15980489887358795,0.001616124322272317,-0.09919110322881905,0.35790360260917314
2026-07-02,-0.05749979980983022,-0.11783009208659415,0.10679259241441007,0.30989567986933725,0.12235260114759924,0.021618609253388488,-0.0011656311602944486,-0.07589181373530382,0.3433902041648046
2026-07-03,-0.019313574071657964,-0.07481666617906299,0.14126021906836556,0.32233372063619276,0.09743815278386254,0.027273998574685234,0.018114520786540703,-0.025908787315365056,0.3509113972058834
2026-07-04,,,,,,,-0.0053322639172442565,-0.04294238402847796,0.4163164629445334
2026-07-05,,,,,,,-0.005907259237253634,-0.04241792113693068,0.40604528787195476
2026-07-06,,,,,,,-0.002877024727360075,-0.03911712573125818,0.4448941737446456
2026-07-07,-0.017201815174455834,-0.07039725136486705,0.20745675161074478,0.31288982326780335,0.09203026811451498,0.030388299288407687,-0.0034501515941364,-0.03784581150602043,0.4307770674972744
2026-07-08,-0.03940504443255767,-0.029452691200833957,0.17467745213839697,0.2952255073021659,0.10736067033153263,0.032345729725624155,0.0031220925377932465,-0.06512019341693927,0.41699167077262483
2026-07-09,-0.0449425700082469,0.007065017135376779,0.12224544719484387,0.2481054246129043,0.10126125378539544,0.09145939194706335,0.011978390319729255,-0.08861674263444323,0.40055273467504143
2026-07-10,-0.11524455630935718,0.053299368487879015,0.08417615596146907,0.25033741202438986,0.16637318928534575,0.07644230551226014,0.015419370958339805,-0.07336571880979022,0.39450347007350817
2026-07-11,,,,,,,-0.016659456449688567,-0.09364008411228106,0.40854877937013867
2026-07-12,,,,,,,-0.014362512610836195,-0.09009608318129327,0.39988862873689296
2026-07-13,,,,,,,-0.016626859173733546,-0.08960583033896602,0.4239994614220868
2026-07-14,-0.11213196616492371,0.0249183262701076,0.08765905732749359,0.2874653884378481,0.17068883645675276,0.02230512331199122,-0.013844626643167952,-0.10056040743371467,0.40185590286779027
2026-07-15,-0.10730427089721438,0.025222048723807268,0.08258030474678242,0.30321471982611986,0.1636044986023848,-0.015704310609778824,-0.02678334544812941,-0.07279469513394457,0.38205755242243034
2026-07-16,-0.051948072600770785,0.07514004797867363,0.11097597036778468,0.290909965149871,0.17401629634469254,-0.014205959584353452,-0.019592451285301668,-0.06445115036880186,0.37708386581783276
2026-07-17,-0.05994664192934698,0.0526510774719233,0.13299722297434885,0.3197615441686048,0.16674296232943744,-0.0528284278128465,-0.04261210586323966,-0.09037885805168724,0.38335405013154233
2026-07-18,,,,,,,-0.046327866386161244,-0.09085292885316151,0.3763686536561971
2026-07-19,,,,,,,-0.10685406263394379,-0.12321436340754444,0.37992690953126795
2026-07-20,,,,,,,-0.07419100217422664,-0.1023856825330596,0.4308967124260415
2026-07-21,-0.05423656788965055,0.07031205705628213,0.13309628350268027,0.3142062873715081,0.16305380250146026,-0.0597896035025324,-0.06739713477764023,-0.10042963338561035,0.4200501201855095
2026-07-22,-0.1382348992780491,0.11213813779396953,0.041853118216997776,0.35824109134398185,0.17906237254519067,-0.06423688608243044,-0.07788104055970467,-0.14027524093759403,0.4224348320408783
2026-07-23,-0.11725321144376102,0.09296368311790824,-0.09117484044709162,0.34494531152406965,0.18512378858578163,-0.059880111605594796,-0.07710433008753216,-0.13695795201029096,0.4120607928245427
2026-07-24,-0.11251404249741756,0.03248877491634511,-0.0861680254162273,0.3303600262908195,0.13221285944359668,-0.05729858096822022,-0.081135453699074,-0.12347910863850255,0.3907566068991207
2026-07-25,,,,,,,-0.060680286117173535,-0.10897891709136767,0.3992914645154216
2026-07-26,,,,,,,-0.048642277603566306,-0.10009520705825713,0.3946214963510959
2026-07-27,,,,,,,-0.07043547989568039,-0.11132500493729006,0.39569779329655075
2026-07-28,-0.09671715644024292,0.01683167852791677,-0.2135972944720717,0.3213306429056348,0.13640380539599964,-0.05347292288978196,0.005372073234539712,-0.0345079093944847,0.45999674345997477
