group,metric,n,mean,median,std,p25,p75
sector_Real Estate,roe,4,0.0625,0.06,0.010897247358851683,0.057499999999999996,0.065
sector_Real Estate,roic,4,0.0425,0.04,0.004330127018922195,0.04,0.0425
sector_Real Estate,debt_to_equity,4,0.95,1.0,0.25980762113533157,0.75,1.2
sector_Real Estate,ev_ebitda,2,15.5,15.5,0.5,15.25,15.75
sector_Real Estate,pb_ratio,3,1.9666666666666668,2.0,0.4496912521077347,1.7,2.25
sector_Real Estate,earnings_stability,4,0.8125,0.8,0.05448623679425842,0.7875000000000001,0.8250000000000001
sector_Real Estate,interest_coverage,4,3.5,3.0,0.8660254037844386,3.0,3.5
sector_Real Estate,mktcap_to_assets,4,1.06,1.0,0.293288254111889,0.9285,1.1315
sector_Industrials,roe,13,0.19384615384615383,0.16,0.1718469113680708,0.12,0.28
sector_Industrials,roic,13,0.11000000000000001,0.12,0.06480740698407861,0.08,0.15
sector_Industrials,debt_to_equity,13,1.7615384615384617,1.5,1.4536629921252573,0.8,1.8
sector_Industrials,ev_ebitda,6,17.0,14.5,5.5377492419453835,13.25,18.75
sector_Industrials,pb_ratio,18,12.399444444444445,7.5,12.239058366204405,4.3625,16.025000000000002
sector_Industrials,earnings_stability,13,0.7346153846153847,0.8,0.15677594912757525,0.7,0.85
sector_Industrials,interest_coverage,13,7.923076923076923,8.0,4.445594854399966,6.0,12.0
sector_Industrials,mktcap_to_assets,17,4.784941176470588,1.864,8.524797409844572,1.606,2.584
sector_Health Care,roe,10,0.281,0.2,0.21473006310249157,0.165,0.2875
sector_Health Care,roic,10,0.15500000000000003,0.155,0.065612498809297,0.12,0.18
sector_Health Care,debt_to_equity,10,1.025,0.7,0.897566153550812,0.625,1.05
sector_Health Care,ev_ebitda,4,17.75,13.5,10.18270592720815,11.25,20.0
sector_Health Care,pb_ratio,10,1.1509999999999996,3.8200000000000003,25.866724744350606,1.845,6.53
sector_Health Care,earnings_stability,10,0.771,0.79,0.11273420066687838,0.7124999999999999,0.8474999999999999
sector_Health Care,interest_coverage,10,12.3,12.0,6.1,8.25,14.25
sector_Health Care,mktcap_to_assets,9,2.869222222222222,2.2,2.900227798630759,1.27,3.308
sector_Energy,roe,5,0.14800000000000002,0.14,0.020396078054371138,0.14,0.16
sector_Energy,roic,5,0.11000000000000001,0.11,0.008944271909999154,0.1,0.12
sector_Energy,debt_to_equity,5,0.36,0.35,0.12409673645990855,0.25,0.5
sector_Energy,ev_ebitda,3,6.0,6.5,1.0801234497346435,5.5,6.75
sector_Energy,pb_ratio,11,2.463636363636364,2.0,1.184830426894865,1.62,2.83
sector_Energy,earnings_stability,5,0.6639999999999999,0.7,0.08822698000045111,0.65,0.72
sector_Energy,interest_coverage,5,18.4,15.0,7.761443164772902,12.0,25.0
sector_Energy,mktcap_to_assets,11,1.1106363636363636,1.122,0.25199865538143174,0.913,1.3090000000000002
sector_Multi-Sector,roe,6,0.155,0.14500000000000002,0.026925824035672518,0.14,0.1725
sector_Multi-Sector,roic,6,0.12,0.11499999999999999,0.02,0.11,0.135
sector_Multi-Sector,debt_to_equity,6,0.7666666666666666,0.75,0.12472191289246473,0.7,0.8
sector_Multi-Sector,ev_ebitda,6,12.666666666666666,12.5,1.9720265943665387,11.25,13.75
sector_Multi-Sector,pb_ratio,6,2.966666666666667,3.0,0.699205898780101,2.625,3.375
sector_Multi-Sector,earnings_stability,6,0.8916666666666666,0.9,0.02192157739660986,0.885,0.9
sector_Multi-Sector,interest_coverage,6,11.166666666666666,11.0,2.1921577396609844,10.0,12.0
sector_Multi-Sector,mktcap_to_assets,6,1.4833333333333334,1.5,0.3624760528488591,1.275,1.725
sector_Utilities,roe,5,0.10400000000000001,0.1,0.010198039027185569,0.1,0.11
sector_Utilities,roic,5,0.052000000000000005,0.05,0.0039999999999999975,0.05,0.05
sector_Utilities,debt_to_equity,5,1.48,1.5,0.0748331477354789,1.4,1.5
sector_Utilities,ev_ebitda,1,12.0,12.0,0.0,12.0,12.0
sector_Utilities,pb_ratio,4,2.0475,2.085,0.14566657131957209,1.9575,2.175
sector_Utilities,earnings_stability,5,0.8779999999999999,0.88,0.02400000000000002,0.86,0.88
sector_Utilities,interest_coverage,5,3.4,3.0,0.4898979485566356,3.0,4.0
sector_Utilities,mktcap_to_assets,6,0.7563333333333334,0.7384999999999999,0.17813727540548294,0.5915,0.9155
sector_Communication Services,roe,3,0.18333333333333335,0.2,0.06236095644623235,0.15000000000000002,0.225
sector_Communication Services,roic,3,0.12,0.08,0.07118052168020875,0.07,0.15
sector_Communication Services,debt_to_equity,3,1.0333333333333334,1.2,0.7039570693980959,0.65,1.5
sector_Communication Services,pb_ratio,7,9.352857142857143,6.89,9.392073731588347,3.5949999999999998,9.405000000000001
sector_Communication Services,earnings_stability,3,0.8233333333333334,0.82,0.02054804667656323,0.81,0.835
sector_Communication Services,interest_coverage,3,16.333333333333332,5.0,16.73983937265296,4.5,22.5
sector_Communication Services,mktcap_to_assets,6,3.3668333333333336,1.5779999999999998,3.40032877903822,0.75825,5.757
sector_Consumer Staples,roe,14,0.33428571428571435,0.25,0.24002125756197648,0.18,0.47
sector_Consumer Staples,roic,14,0.1335714285714286,0.13,0.05393211908860762,0.0975,0.16
sector_Consumer Staples,debt_to_equity,14,1.1892857142857143,1.25,0.49359416941616385,0.8250000000000001,1.5
sector_Consumer Staples,ev_ebitda,6,13.083333333333334,13.0,3.2966734074754136,10.5,15.5
sector_Consumer Staples,pb_ratio,13,8.246923076923077,3.8,24.0432476958358,1.88,8.59
sector_Consumer Staples,earnings_stability,14,0.8042857142857144,0.85,0.10513353995985199,0.74,0.8775
sector_Consumer Staples,interest_coverage,14,7.714285714285714,8.0,2.461955419944869,5.5,9.75
sector_Consumer Staples,mktcap_to_assets,14,2.162142857142857,1.9489999999999998,1.5049454122583819,0.9385,3.2912500000000002
sector_Information Technology,roe,13,0.2469230769230769,0.2,0.23308580841149518,0.1,0.3
sector_Information Technology,roic,13,0.15384615384615385,0.12,0.1353933563611803,0.08,0.18
sector_Information Technology,debt_to_equity,13,0.6423076923076925,0.3,0.7274418173525193,0.2,0.8
sector_Information Technology,ev_ebitda,3,13.833333333333334,7.0,10.019425576792758,6.75,17.5
sector_Information Technology,pb_ratio,20,11.946000000000002,6.535,11.83227002734471,4.180000000000001,14.545
sector_Information Technology,earnings_stability,13,0.5700000000000001,0.55,0.21512071745167427,0.4,0.78
sector_Information Technology,interest_coverage,13,14.384615384615385,10.0,13.4137613696845,5.0,20.0
sector_Information Technology,mktcap_to_assets,15,3.6081999999999996,2.929,2.7149685866813753,1.611,4.25
sector_Financials,roe,12,0.13999999999999999,0.14,0.03651483716701107,0.12,0.1525
sector_Financials,roic,12,0.10916666666666669,0.1,0.031743328257901514,0.0975,0.12
sector_Financials,debt_to_equity,12,0.5875,0.4,0.3862884285090611,0.3,0.875
sector_Financials,ev_ebitda,6,10.166666666666666,9.5,2.748737083745107,8.625,10.0
sector_Financials,pb_ratio,19,2.3142105263157893,1.59,2.2702360549406206,1.23,2.3449999999999998
sector_Financials,earnings_stability,12,0.7675000000000001,0.79,0.07562241731127087,0.7424999999999999,0.825
sector_Financials,interest_coverage,12,9.5,8.0,4.536885862938733,7.5,12.0
sector_Financials,mktcap_to_assets,18,0.5502222222222223,0.2375,0.8791774915956364,0.15,0.60575
sector_Materials,roe,14,0.115,0.1,0.05815619362667108,0.07250000000000001,0.1425
sector_Materials,roic,14,0.07928571428571429,0.07,0.03432289650495418,0.052500000000000005,0.095
sector_Materials,debt_to_equity,14,0.642857142857143,0.55,0.3267027607436934,0.42500000000000004,0.7
sector_Materials,ev_ebitda,5,7.6,7.0,1.624807680927192,6.0,9.0
sector_Materials,pb_ratio,15,0.7266666666666667,1.4,3.9185654971629034,1.015,2.0
sector_Materials,earnings_stability,14,0.5514285714285714,0.55,0.05166611805721464,0.5125,0.5875
sector_Materials,interest_coverage,14,5.571428571428571,5.0,3.133101742780187,4.0,5.75
sector_Materials,mktcap_to_assets,15,0.9081333333333335,0.836,0.5364628432820135,0.46,1.201
sector_Consumer Discretionary,roe,8,0.35750000000000004,0.265,0.33116272435163957,0.1875,0.325
sector_Consumer Discretionary,roic,8,0.13,0.13,0.04,0.1,0.165
sector_Consumer Discretionary,debt_to_equity,8,1.2999999999999998,0.8,1.2237238250520417,0.475,1.525
sector_Consumer Discretionary,ev_ebitda,3,11.5,10.0,4.813176359397884,8.25,14.0
sector_Consumer Discretionary,pb_ratio,8,6.43375,3.83,10.991276014981153,2.52,14.0475
sector_Consumer Discretionary,earnings_stability,8,0.7224999999999999,0.75,0.16138076093512513,0.6875,0.8200000000000001
sector_Consumer Discretionary,interest_coverage,8,12.625,11.0,6.556247020971678,7.5,16.25
sector_Consumer Discretionary,mktcap_to_assets,7,2.630142857142857,1.551,1.870448489272134,1.4104999999999999,3.8985000000000003
sleeve_aerospace_defense,roe,5,0.064,0.12,0.09911609354691095,0.0,0.14
sleeve_aerospace_defense,roic,5,0.08,0.1,0.06899275324264137,0.08,0.12
sleeve_aerospace_defense,debt_to_equity,5,1.78,0.8,1.6975276139138356,0.6,2.0
sleeve_aerospace_defense,ev_ebitda,5,17.8,15.0,5.74108003776293,14.0,20.0
sleeve_aerospace_defense,pb_ratio,7,10.278571428571428,3.82,16.302340260195276,2.75,5.715
sleeve_aerospace_defense,earnings_stability,5,0.724,0.8,0.16523922052587878,0.75,0.82
sleeve_aerospace_defense,interest_coverage,5,6.2,6.0,3.9698866482558417,3.0,9.0
sleeve_aerospace_defense,mktcap_to_assets,7,2.0212857142857144,1.8,1.041602435026465,1.3425,2.432
sleeve_quality_growth,roe,3,0.26666666666666666,0.25,0.062360956446232345,0.225,0.3
sleeve_quality_growth,roic,3,0.20666666666666667,0.22,0.041899350299921784,0.185,0.235
sleeve_quality_growth,debt_to_equity,3,0.4000000000000001,0.3,0.2943920288775949,0.2,0.55
sleeve_quality_growth,ev_ebitda,1,7.0,7.0,0.0,7.0,7.0
sleeve_quality_growth,pb_ratio,3,5.293333333333333,6.89,2.7677949506581747,4.145,7.24
sleeve_quality_growth,earnings_stability,3,0.8166666666666668,0.85,0.08498365855987977,0.7749999999999999,0.875
sleeve_quality_growth,interest_coverage,3,26.0,30.0,13.366625103842281,19.0,35.0
sleeve_quality_growth,mktcap_to_assets,2,3.6574999999999998,3.6574999999999998,3.0575,2.12875,5.186249999999999
sleeve_launch_services,pb_ratio,4,13.3675,13.38,4.127459115484974,9.89,16.8575
sleeve_launch_services,mktcap_to_assets,4,15.619499999999999,12.5435,12.897381798256573,7.09275,21.07025
sleeve_growth_ai,roe,5,0.29000000000000004,0.12,0.3171119676076575,0.08,0.3
sleeve_growth_ai,roic,5,0.192,0.1,0.19009471323527127,0.05,0.22
sleeve_growth_ai,debt_to_equity,5,0.17,0.2,0.09797958971132713,0.15,0.2
sleeve_growth_ai,ev_ebitda,1,28.0,28.0,0.0,28.0,28.0
sleeve_growth_ai,pb_ratio,5,21.351999999999997,24.46,15.435449329384616,5.0,34.07
sleeve_growth_ai,earnings_stability,5,0.47000000000000003,0.45,0.09273618495495704,0.4,0.55
sleeve_growth_ai,interest_coverage,5,18.0,15.0,17.4928556845359,5.0,20.0
sleeve_growth_ai,mktcap_to_assets,2,2.862,2.862,1.1380000000000001,2.293,3.431
sleeve_starlink_supply,roe,1,0.16,0.16,0.0,0.16,0.16
sleeve_starlink_supply,roic,1,0.12,0.12,0.0,0.12,0.12
sleeve_starlink_supply,debt_to_equity,1,0.3,0.3,0.0,0.3,0.3
sleeve_starlink_supply,ev_ebitda,1,6.5,6.5,0.0,6.5,6.5
sleeve_starlink_supply,pb_ratio,11,12.264545454545454,6.72,10.897483749293489,4.765000000000001,15.370000000000001
sleeve_starlink_supply,earnings_stability,1,0.45,0.45,0.0,0.45,0.45
sleeve_starlink_supply,interest_coverage,1,10.0,10.0,0.0,10.0,10.0
sleeve_starlink_supply,mktcap_to_assets,11,3.8784545454545456,2.929,3.046888796599406,1.571,5.508
sleeve_emerging_growth,roe,4,0.095,0.125,0.08845903006477067,0.0625,0.1575
sleeve_emerging_growth,roic,4,0.08,0.09,0.06480740698407861,0.055,0.115
sleeve_emerging_growth,debt_to_equity,4,0.4,0.35,0.2738612787525831,0.17500000000000002,0.575
sleeve_emerging_growth,pb_ratio,4,6.6,5.135,4.321741547108064,3.7125000000000004,8.0225
sleeve_emerging_growth,earnings_stability,4,0.39999999999999997,0.32499999999999996,0.17677669529663687,0.2875,0.4375
sleeve_emerging_growth,interest_coverage,4,10.75,8.5,9.12071817347735,4.0,15.25
sleeve_cyclical,roe,3,0.18000000000000002,0.14,0.16573070526208072,0.07,0.27
sleeve_cyclical,roic,3,0.09999999999999999,0.1,0.06531972647421808,0.060000000000000005,0.14
sleeve_cyclical,debt_to_equity,3,2.3333333333333335,1.5,1.9293061504650375,1.0,3.25
sleeve_cyclical,ev_ebitda,1,13.0,13.0,0.0,13.0,13.0
sleeve_cyclical,pb_ratio,3,13.023333333333333,8.0,10.341387183975314,5.82,17.715
sleeve_cyclical,earnings_stability,3,0.6166666666666666,0.7,0.1545603082582617,0.55,0.725
sleeve_cyclical,interest_coverage,3,8.0,8.0,5.715476066494082,4.5,11.5
sleeve_cyclical,mktcap_to_assets,1,2.0,2.0,0.0,2.0,2.0
value_financial_value,roe,1,0.15,0.15,0.0,0.15,0.15
value_financial_value,roic,1,0.15,0.15,0.0,0.15,0.15
value_financial_value,debt_to_equity,1,0.2,0.2,0.0,0.2,0.2
value_financial_value,ev_ebitda,1,7.5,7.5,0.0,7.5,7.5
value_financial_value,pb_ratio,5,1.268,1.16,0.21008569680013914,1.1,1.44
value_financial_value,earnings_stability,1,0.72,0.72,0.0,0.72,0.72
value_financial_value,interest_coverage,1,8.0,8.0,0.0,8.0,8.0
value_financial_value,mktcap_to_assets,5,0.2544,0.284,0.08645137361546083,0.191,0.327
value_defensive_etf,roe,12,0.14083333333333334,0.14,0.03661928757119972,0.12,0.165
value_defensive_etf,roic,12,0.10416666666666669,0.11,0.030945741046045236,0.0975,0.12
value_defensive_etf,debt_to_equity,12,0.8333333333333334,0.8,0.24267032964268392,0.7,0.8500000000000001
value_defensive_etf,ev_ebitda,12,12.5,12.5,2.598076211353316,10.75,14.25
value_defensive_etf,pb_ratio,12,2.8000000000000003,2.75,0.9746794344808963,1.95,3.625
value_defensive_etf,earnings_stability,12,0.8583333333333334,0.89,0.07403077438170937,0.8375,0.9
value_defensive_etf,interest_coverage,12,9.666666666666666,10.0,3.324989557210001,8.0,12.0
value_defensive_etf,mktcap_to_assets,12,1.3458333333333332,1.35,0.5720789329765217,0.975,1.85
defensive_index,roe,70,0.2364285714285715,0.16999999999999998,0.20793567490442613,0.12,0.25
defensive_index,roic,70,0.11842857142857141,0.12,0.05233506648198194,0.08,0.15
defensive_index,debt_to_equity,70,1.0578571428571428,0.9,0.6937288331023521,0.5625,1.475
defensive_index,ev_ebitda,33,11.878787878787879,11.0,5.402062320877181,8.5,14.0
defensive_index,pb_ratio,79,4.469367088607596,2.19,14.335447730180583,1.525,5.555
defensive_index,earnings_stability,70,0.7935714285714285,0.81,0.10160196446759025,0.72,0.88
defensive_index,interest_coverage,70,9.657142857142857,8.0,5.69181295317033,5.0,12.0
defensive_index,mktcap_to_assets,82,1.5391829268292685,1.088,1.5820114020745466,0.5670000000000001,2.0
growth_tech_index,roe,21,0.1738095238095238,0.14,0.2019070080737592,0.08,0.2
growth_tech_index,roic,21,0.1295238095238095,0.1,0.11982034927245556,0.08,0.16
growth_tech_index,debt_to_equity,21,0.9452380952380954,0.5,1.3964158851370314,0.2,0.8
growth_tech_index,ev_ebitda,9,15.944444444444445,14.0,7.492382963325873,12.0,20.0
growth_tech_index,pb_ratio,39,11.61128205128205,6.72,12.144772470340666,3.3200000000000003,15.040000000000001
growth_tech_index,earnings_stability,21,0.5866666666666666,0.6,0.20466775244011667,0.4,0.75
growth_tech_index,interest_coverage,21,13.142857142857142,9.0,12.988220723063664,5.0,15.0
growth_tech_index,mktcap_to_assets,29,4.705103448275862,1.864,6.882577185432531,1.346,4.0
