ticker,name_vol,beta,max_dd
RF,0.5492779028929858,0.2177898838738091,-0.9356830442835623
AFL,3.025522259961818,1.0228951246364977,-0.8315743247505072
HPQ,3.231784919239253,-1.051559106735945,-0.8569230773372751
HMC,1.9151883634592215,-0.564300389966572,-0.5890736374326748
NUE,5.424176557297087,1.6437468177883852,-0.7658048379956328
XLF,0.18867641192961546,0.08077029877733916,-0.8374539674113483
DVN,1.6174200515519737,-0.3416055921099232,-0.9564972674424238
PFE,2.8039610905307057,-0.6884292975633078,-0.7669941644878605
MU,17.10650007584173,4.577110763597144,-0.9824983812844483
XLE,0.7933031994041264,-0.09916690359079067,-0.7673018118098263
CAG,5.710668651029969,-1.4612235892318433,-0.7193665195389383
XOM,4.099025876271607,1.448565132709582,-0.6986970531663826
DVY,4.5450058149869355,1.4704814507074078,-0.6522832641083207
JPM,8.311455476186353,2.623199806350364,-0.8547284618359354
UAN,2.7659759636862766,1.0252381296626991,-0.9805950848540634
BLK,13.313833873763427,4.142955680615432,-0.9553969834736542
CPB,4.647488165563769,-1.1458756818866236,-0.7039230333612939
MRK,3.3693257875242058,1.1240561612160989,-0.7787615310537516
MO,2.0749169765699054,0.6111078852455031,-0.8383668952725657
BAC,1.6792493616250797,-0.4123269240589887,-0.9428050998609894
SHEL,0.46939410916254615,0.1833779309918163,-0.7541784924454675
DD,5.190650967531686,1.641229767462565,-0.8878057420843469
SCHD,5.737203090720377,-1.7108472003360362,-0.6990747728676046
IPI,1.5001180443594524,-0.3901769697427209,-0.9908507443384537
SMCI,2.1048102691885524,0.3905257318169379,-0.8484096025557227
ICL,12.10668581312039,-3.6948222264318074,-0.9273199381074879
PYPL,1.348916531646343,-0.3352544306530944,-0.8733348394461633
VYM,4.484028978229331,1.4395402896409575,-0.6475596143882801
CB,9.359229176742229,2.973710347687534,-0.8848340118489633
CAT,13.26028450054682,4.131820260978012,-0.9400191100522681
TGT,0.7107244919382997,0.3679196414779392,-0.7905646011902052
TRV,7.752744014297367,2.428056972092447,-0.8190757857884061
LXU,8.587090657059665,-2.606541101455409,-0.978306215504004
HII,7.6020381531655365,2.5423673203748804,-0.8693023351962509
MSFT,1.404393548736484,-0.3824282869689676,-0.7456453369396818
GIS,2.5832490084146382,-0.5460767546494566,-0.644961947332007
VZ,1.0355977220537864,-0.1778234489623484,-0.6236615542153814
ABBV,5.368469723300574,1.7604276320545573,-0.7806957346140613
MOS,1.328598031632379,-0.20223708483797007,-0.9564812506257967
CL,0.5984168045136035,0.044760029783839125,-0.6762589928057552
GOOGL,6.395886408747258,1.8780239894952973,-0.7544390295167396
KHC,2.0780337224682675,-0.6251770557269211,-0.7924469824186071
MKC,2.169776401044382,-0.45824718268959275,-0.6116068703787666
O,2.3675800878697433,0.6797939163255403,-0.5401280579015135
NVDA,0.6602905072326903,0.1133484910899947,-0.8972243204243779
VIG,0.4624688506910835,0.17897682338506596,-0.48202781495134905
XLU,2.9853922832457416,-0.8299436077931837,-0.5567439878566967
DOW,2.303283059095897,-0.46031260466832846,-0.7087858052168667
ASIX,5.401908530551222,-1.5773571595805327,-0.816079530047769
SPLV,0.8470618697759461,0.35737107523902356,-0.36562954621152544
REGN,11.157269410421497,3.656194638785562,-0.9599136051371946
ALL,7.101117176464416,2.236800218672351,-0.7930316792313524
SBUX,1.7889371683519852,0.6625478199664125,-0.8190764601805008
CSCO,4.078433260819062,1.0894131842179628,-0.8925839140487778
CW,12.612535298817932,4.006639087860838,-0.9370156168803692
USMV,2.0027040761981283,0.6944501040440478,-0.4494836804844755
XLP,1.064700942658362,-0.18756737380674382,-0.3781461393300163
LLY,16.145256677613805,4.930386710663535,-0.964885877547404
COST,14.999191493928702,4.68497771356136,-0.9608795070339322
PG,3.863435564558483,1.2867516406489121,-0.6970629837974648
NKE,2.6300142858121816,-0.619138516742918,-0.7704354613202886
UNH,8.933805027957225,2.7284743542666607,-0.925089844410584
XLV,1.0877888677597232,-0.2361462891367044,-0.4057577582261017
MCD,9.419737996277405,2.9766261327922576,-0.8865038708956545
HON,7.06988818249794,2.226874846374754,-0.8012293053385066
CVX,6.6264675515117775,2.0569329390025755,-0.7897514494591356
ANDE,0.562751157077793,0.20238516309900195,-0.8368405860052619
NTR,1.328326463840567,0.5072035551090497,-0.6153711710434289
DUK,5.340159954690179,1.7112546229656254,-0.7405223265096488
JNJ,6.380058972096314,1.9890173993886955,-0.7626975803090336
LMT,10.765997881741786,3.523610731927259,-0.9574105122664297
CF,1.7491112931910704,-0.2882830005146299,-0.7678339825163081
BAYRY,2.36746466263479,0.6779878464686828,-0.8756171092729647
IYR,2.5637118538584254,0.8280446581226673,-0.7651475187041982
KO,0.31285770260128415,0.23708849503579765,-0.6906354125904279
AEP,6.384863540401335,1.9969542085850656,-0.7487229207871113
PM,6.997239844393453,2.159654161484086,-0.7912648095732495
T,1.8014765719282546,-0.15538683293810163,-0.699129033796819
ORCL,5.076257709984823,1.5571430159454074,-0.8446970860357421
SMG,0.8398750243987256,0.3870618595637219,-0.84070935612282
PEP,6.360636932298499,2.0351826344555963,-0.8032288315477567
KMB,3.0024724861042453,0.992949534518412,-0.705012217835983
MMM,5.447895938837109,1.717501643116841,-0.7870032665301782
DE,11.406372350916229,3.725926551058015,-0.9369705292563943
WM,4.56271345879855,1.5422780421171403,-0.8051327750432821
CFG,0.3440404093366605,0.1276400851060336,-0.6799665753779656
IVZ,1.8226103787048231,0.6217553996808051,-0.8675889325828374
BEN,1.4636322871694358,-0.42821517386586194,-0.7399728050466079
HBAN,0.6116542722148646,0.1524383830127961,-0.9666432436434576
HEI,9.818746971974914,3.0024643874943155,-0.8837804030010745
FITB,1.5426578134904336,0.49522549309917124,-0.9851585021794893
SPR,0.24041350419511284,-0.0003467093475265918,-0.20365259289456905
SYF,1.6249123687863725,0.40110078054622517,-0.681671214071784
DG,3.165368208742637,1.157065756337958,-0.825521753648971
C,3.451047561207966,1.0678527312162052,-0.9826751595596347
D,0.593502132928356,0.1477756428182987,-0.5597995831190241
CTVA,0.6876166655363558,0.4313152622007475,-0.47608165087334753
IBM,6.613762983599378,2.1709796485629376,-0.8441195475836423
AMD,6.116784946872074,1.311379493935987,-0.9658947367417186
BMY,0.35981947741227965,0.0884559876402071,-0.7673199742954876
SCHW,1.4674485529747854,0.5582896939789065,-0.8692358848537334
FMC,6.157432341469007,-1.6543732130378783,-0.9282385845961387
TSLA,0.8398649041745068,0.14463717959284628,-0.7363221744219115
PLD,5.235736870500545,1.556050747388899,-0.8530612238425092
SO,4.780993947449222,1.5317473483614914,-0.7053947007522101
FANG,6.244223786151553,1.9931093690806363,-0.8887935918864944
NEE,0.5271270799543738,0.22357503728724265,-0.6489028884929997
RTX,6.57109970607613,2.180407356051837,-0.810536312502653
VAL,2.2849147884158296,0.7010035975625677,-0.6381595483948084
VNQ,3.3338188274486917,1.0125968627872073,-0.7576486715699832
TDW,2.5699255488711312,0.8064599574319917,-0.9983852944488151
ENPH,1.4817200588206434,-0.0026102587392665896,-0.9597469802962872
TDG,16.085206109366815,5.0350237933288655,-0.9756660867171968
PLTR,2.9782484464339123,1.0286658257631696,-0.8461538461538463
CRWD,5.385850360085835,1.41955601697227,-0.6987408719082651
PSX,5.958874801137217,1.6806480521895133,-0.7337688191037597
STM,1.8488612609818018,0.08845857227188773,-0.9479633890684152
RKLB,6.643551029797126,1.7264630903190892,-0.829633200368177
XBI,4.826303853584532,1.4047542725188196,-0.7265246459481646
QQQ,13.440719283689468,4.0322792543041155,-0.9369235780931564
NOC,9.256455164387267,3.07336542935353,-0.9045469018930523
AMAT,10.288703003734843,2.7977150458159845,-0.9050985675126444
ASTS,2.8989767098903236,0.784219472639143,-0.9106666670905217
SATS,1.2679902019506306,-0.0010529676300234997,-0.4360430927978821
VUG,3.1480116094966957,0.8336482932084824,-0.5186673403220061
ARKK,1.1905731082300073,0.36361022669552207,-0.8107037996995992
BX,4.304382899182828,1.3559861802048672,-0.8807028348229184
GSAT,1.1390933369510967,0.303997948141253,-0.990909090909091
MPC,6.758030889447774,2.049893122720536,-0.8076166112205706
MTSI,8.468941421442144,2.5897526595417273,-0.8465644364143409
TTMI,6.654705287584268,1.5868412607933902,-0.9468062835214025
STLD,7.357025156460158,2.1122088050820675,-0.8714039770213958
GD,9.69165882247134,3.1575288438575826,-0.8994834837526459
MCHP,2.0128807551636405,0.5088236667634037,-0.6447884117860906
IRDM,4.594281230533925,-1.6810099138968542,-0.8500298962499517
VLO,6.891390051435607,2.188394263385272,-0.8750000434716528
BKSY,2.379684685728308,-0.5595771371841125,-0.9661440960242531
LRCX,9.895909241515087,2.8020205108089065,-0.8897668603040647
SPCX,1.6843684409627646,0.19512719517106672,-0.48138512905078124
INTC,5.075231395109152,1.0736220319371133,-0.8386644417535066
SEDG,1.8442858226592753,-0.4263900489793577,-0.9715879767216978
BA,5.446901114867768,1.7984191316024811,-0.8968599034553778
