ticker,n_dates,buffett_rate,trifecta_rate,dual_rate,median_composite,composite_std
RF,1,1.0,1.0,1.0,0.8946,
HPQ,10,0.8,0.0,0.0,0.81545,0.006077106402081706
AFL,10,0.0,0.8,0.0,0.7943,0.007090596276446395
VLO,11,0.0,0.0,0.0,0.7712,0.23307771704265978
SYF,11,0.0,0.9090909090909091,0.0,0.7676,0.15391835084639105
MPC,11,0.2727272727272727,0.0,0.0,0.7663,0.23164000007849167
TRV,11,0.0,0.0,0.0,0.7486,0.07199038067055145
SHEL,11,0.0,0.0,0.0,0.7438,0.05911893712908516
PSX,11,0.0,0.0,0.0,0.7279,0.19982952143355506
JPM,10,0.0,0.0,0.0,0.7269,0.011340708384693907
CB,11,0.0,0.0,0.0,0.7262,0.05941450695212103
XLF,1,0.0,0.0,0.0,0.7216,
VZ,11,0.0,0.09090909090909091,0.0,0.7184,0.05460797311082631
LXU,11,0.0,0.0,0.0,0.714,0.0558880097727915
NUE,10,0.2,0.0,0.0,0.7121500000000001,0.024067564618520654
PYPL,11,0.0,0.0,0.0,0.7106,0.05506646562440373
DVN,10,0.0,0.0,0.0,0.7080500000000001,0.014342791453084263
PFE,10,0.0,0.0,0.0,0.702,0.013965994415006757
STLD,11,0.5454545454545454,0.0,0.0,0.6986,0.21609431905367785
ALL,11,0.0,0.0,0.0,0.6974,0.06594386179995007
FANG,11,0.0,0.0,0.0,0.6896,0.15888757832333697
BAC,10,0.0,0.5,0.0,0.6878,0.011130039432894085
ASIX,11,0.0,0.9090909090909091,0.0,0.6838,0.05474901742580325
MU,10,0.0,0.0,0.0,0.6825,0.030560977296764116
HMC,10,0.0,1.0,0.0,0.6813,0.008881322474096343
CAG,10,0.0,0.8,0.0,0.6809499999999999,0.007628047660516489
T,11,0.0,0.9090909090909091,0.0,0.6726,0.05538808207876161
MOS,11,0.0,0.9090909090909091,0.0,0.6691,0.05460199297062003
XLE,1,0.0,0.0,0.0,0.6603,
CF,11,0.6363636363636364,0.0,0.0,0.6553,0.07065992949588637
CVX,11,0.0,0.0,0.0,0.6535,0.0703521182726898
DOW,11,0.0,0.0,0.0,0.6531,0.0467494871143475
XOM,10,0.0,0.0,0.0,0.6516500000000001,0.014104530399051851
KHC,11,0.0,0.36363636363636365,0.0,0.6477,0.05436919080776271
UAN,10,0.0,0.0,0.0,0.64375,0.02274061711270533
ANDE,11,0.0,0.0,0.0,0.6413,0.058524922430145454
SCHW,11,0.0,0.0,0.0,0.6396,0.10017330074335269
MO,10,0.0,0.0,0.0,0.6386000000000001,0.008855858073739793
STM,11,0.0,0.0,0.0,0.6355,0.17532176393446114
TDW,11,0.0,0.0,0.0,0.6329,0.1542821688866333
VAL,11,0.0,0.0,0.0,0.6255,0.14672487240348236
C,11,0.0,0.9090909090909091,0.0,0.6236,0.05651812098787431
DVY,1,0.0,0.0,0.0,0.6197,
CSCO,11,0.9090909090909091,0.0,0.0,0.6187,0.04636672984332234
DUK,11,0.0,0.0,0.0,0.6101,0.05294184459471458
CPB,10,0.0,0.0,0.0,0.60995,0.02187595331256061
BAYRY,11,0.0,0.9090909090909091,0.0,0.6059,0.0578489977912716
AEP,11,0.0,0.0,0.0,0.599,0.06304689452376626
BLK,10,1.0,0.0,0.0,0.5961,0.039830563362545854
FMC,11,0.0,0.6363636363636364,0.0,0.5936,0.05407616514106409
AMAT,11,0.9090909090909091,0.0,0.0,0.5936,0.17948655001521324
MRK,10,0.9,0.0,0.0,0.58635,0.012199253164754736
BEN,2,0.5,0.5,0.5,0.58535,0.4459722468943555
HBAN,2,0.5,0.5,0.5,0.58275,0.44229529163218545
FITB,2,0.5,0.5,0.5,0.5794,0.44519442943505033
IVZ,2,0.5,0.5,0.5,0.5774,0.4347292490734894
ICL,10,0.0,0.0,0.0,0.5689,0.01079298125841255
NTR,11,0.0,0.0,0.0,0.568,0.04152041338032086
DD,10,0.0,0.0,0.0,0.5661,0.013731132509738595
TGT,10,0.0,0.0,0.0,0.5635,0.023770011452341464
PM,11,0.0,0.0,0.0,0.5617,0.04788543335162297
TTMI,11,0.0,0.0,0.0,0.5611,0.1694313258574641
GOOGL,11,1.0,0.0,0.0,0.561,0.028741531559115577
IPI,10,0.0,0.0,0.0,0.5607,0.009182646677293002
DE,11,0.0,0.0,0.0,0.5606,0.060831361528857326
UNH,11,0.9090909090909091,0.0,0.0,0.5599,0.03360886246756405
SCHD,1,0.0,0.0,0.0,0.5593,
BMY,11,0.0,0.0,0.0,0.5527,0.07250434971277744
VYM,1,0.0,0.0,0.0,0.5519,
SO,10,0.0,0.0,0.0,0.55115,0.009124545650789066
ABBV,11,0.0,0.0,0.0,0.5465,0.011885820429096495
GIS,10,0.0,0.0,0.0,0.5418000000000001,0.031028438568513242
LMT,11,0.0,0.0,0.0,0.538,0.04284741214207373
LRCX,11,0.9090909090909091,0.0,0.0,0.5345,0.16267980430057302
JNJ,11,0.6363636363636364,0.0,0.0,0.5339,0.03876054695176527
CAT,10,0.0,0.0,0.0,0.5336000000000001,0.016859514293781484
SMCI,11,1.0,0.0,0.0,0.5316,0.02515596441114006
RTX,11,0.0,0.0,0.0,0.5309,0.08260437144496761
HII,1,0.0,0.0,0.0,0.5295,
MSFT,11,1.0,0.0,0.0,0.5294,0.022282867450536592
HON,11,0.9090909090909091,0.0,0.0,0.5236,0.02870278098658102
DG,11,0.0,0.0,0.0,0.5227,0.05398194310895247
CL,10,0.1,0.0,0.0,0.52235,0.016598647869965524
MMM,11,0.0,0.0,0.0,0.5197,0.04837433391601565
O,10,0.0,0.0,0.0,0.5151,0.028025734205864742
NVDA,11,1.0,0.0,0.0,0.5091,0.0031582791632037855
CFG,2,0.0,0.5,0.0,0.50865,0.33750206666033916
XLU,1,0.0,0.0,0.0,0.5062,
INTC,11,0.0,0.0,0.0,0.5002,0.15101489631520099
KMB,11,0.0,0.0,0.0,0.4992,0.037577606968173805
REGN,11,0.7272727272727273,0.0,0.0,0.4979,0.02673885834239272
VIG,1,1.0,0.0,0.0,0.4898,
NKE,11,1.0,0.0,0.0,0.4896,0.015822136391777188
SPLV,1,0.0,0.0,0.0,0.4879,
SATS,11,0.0,0.8181818181818182,0.0,0.4823,0.1457478700920313
NEE,11,0.0,0.0,0.0,0.478,0.062206550371250356
PEP,11,0.0,0.0,0.0,0.4768,0.03318984236726103
WM,11,0.0,0.0,0.0,0.4732,0.0341756585359176
CW,1,0.0,0.0,0.0,0.4727,
LLY,10,0.0,0.0,0.0,0.47225,0.004759189940408856
PG,10,0.8,0.0,0.0,0.4697,0.02670529701929729
XLP,1,0.0,0.0,0.0,0.4681,
USMV,1,0.0,0.0,0.0,0.4641,
MCD,10,0.0,0.0,0.0,0.46075,0.02383679695111928
SBUX,11,0.0,0.0,0.0,0.4488,0.024512857479661185
COST,11,0.6363636363636364,0.0,0.0,0.4479,0.009463114997427939
CTVA,11,0.0,0.0,0.0,0.4461,0.04656881516051857
IBM,11,0.0,0.0,0.0,0.4434,0.038446442086243926
XLV,1,0.0,0.0,0.0,0.4418,
KO,11,0.0,0.0,0.0,0.4403,0.02347497700647533
MKC,11,0.0,0.0,0.0,0.4361,0.03003968587173851
D,11,0.0,0.0,0.0,0.4209,0.06362336191854516
ORCL,11,0.0,0.0,0.0,0.4164,0.026171848164843775
IYR,1,0.0,0.0,0.0,0.4127,
MCHP,11,0.0,0.0,0.0,0.396,0.12248130543808793
SMG,11,0.0,0.0,0.0,0.3917,0.01580192738531946
SPR,1,0.0,0.0,0.0,0.349,
HEI,1,0.0,0.0,0.0,0.3435,
PLD,10,0.0,0.0,0.0,0.3103,0.021798952574225518
AMD,10,0.0,0.0,0.0,0.2975,0.008546474256804508
TSLA,11,0.0,0.0,0.0,0.2943,0.008240730329505787
MTSI,11,0.0,0.0,0.0,0.2877,0.08804399313566333
BA,11,0.0,0.0,0.0,0.2826,0.07488980996346324
ENPH,11,0.0,0.0,0.0,0.2817,0.02755404936417942
GD,2,0.0,0.0,0.0,0.25845,0.36550349519532643
SEDG,11,0.0,0.0,0.0,0.2548,0.05810641022375165
VNQ,10,0.0,0.0,0.0,0.23354999999999998,0.017114584423818184
NOC,2,0.0,0.0,0.0,0.2143,0.30306596641655426
PLTR,11,0.0,0.0,0.0,0.2124,0.004611073627692357
TDG,1,0.0,0.0,0.0,0.2107,
CRWD,11,0.0,0.0,0.0,0.1766,0.0038673223059607735
IRDM,2,0.0,0.0,0.0,0.16345,0.2311532067698824
BKSY,11,0.0,0.0,0.0,0.1577,0.049352474378421274
RKLB,11,0.0,0.0,0.0,0.0912,0.02756975945422151
GSAT,2,0.0,0.0,0.0,0.08965,0.12678424586674797
SPCX,11,0.0,0.0,0.0,0.0826,0.024987094850960748
ASTS,11,0.0,0.0,0.0,0.0788,0.023728138263558428
BX,11,0.0,0.0,0.0,0.059,0.02907963048408472
ARKK,10,0.0,0.0,0.0,0.0,0.0
QQQ,10,0.0,0.0,0.0,0.0,0.0
VUG,10,0.0,0.0,0.0,0.0,0.0
XBI,10,0.0,0.0,0.0,0.0,0.0
