date,equity,cash,drawdown,n_holdings,kill_switch,ann_ret,sharpe
2024-08-14,100000.0,81147.54,0.0,151,,1.7324928744782415,1.800952159768954
2024-08-15,100386.51,81132.04,0.0039,151,,1.7324928744782415,1.800952159768954
2024-08-16,100470.52,81446.2,0.0008,151,,1.7324928744782415,1.800952159768954
2024-08-19,100615.14,81500.95,0.0014,151,,1.7324928744782415,1.800952159768954
2024-08-20,100512.29,81665.72,-0.001,151,,1.7324928744782415,1.800952159768954
2024-08-21,100665.81,81535.93,0.0005,151,,1.7324928744782415,1.800952159768954
2024-08-22,100590.17,81704.11,-0.0008,151,,1.7324928744782415,1.800952159768954
2024-08-23,100846.52,81581.27,0.0018,151,,1.7324928744782415,1.800952159768954
2024-08-26,100841.82,81838.24,-0.0,151,,1.7324928744782415,1.800952159768954
2024-08-27,100847.96,81830.35,0.0,151,,1.7324928744782415,1.800952159768954
2024-08-28,100756.62,81852.36,-0.0009,151,,1.7324928744782415,1.800952159768954
2024-08-29,100869.29,81739.81,0.0002,151,,1.7324928744782415,1.800952159768954
2024-08-30,101034.62,81823.13,0.0016,151,,1.7324928744782415,1.800952159768954
2024-09-03,100786.65,82033.71,-0.0025,151,,1.7324928744782415,1.800952159768954
2024-09-04,100722.68,81801.93,-0.0031,151,,1.7324928744782415,1.800952159768954
2024-09-05,100591.93,81758.03,-0.0044,151,,1.7324928744782415,1.800952159768954
2024-09-06,100370.45,81672.52,-0.0066,151,,1.7324928744782415,1.800952159768954
2024-09-09,100590.17,81406.23,-0.0044,151,,1.7324928744782415,1.800952159768954
2024-09-10,100564.22,81634.06,-0.0047,151,,1.7324928744782415,1.800952159768954
2024-09-11,100606.32,81597.22,-0.0042,151,,1.7324928744782415,1.800952159768954
2024-09-12,100712.17,81619.37,-0.0032,151,,1.7324928744782415,1.800952159768954
2024-09-13,100895.09,81691.3,-0.0014,151,,1.7324928744782415,1.800952159768954
2024-09-16,101032.69,81847.07,-0.0,151,,1.7324928744782415,1.800952159768954
2024-09-17,101099.33,81972.34,0.0006,151,,1.7324928744782415,1.800952159768954
2024-09-18,101107.26,82037.66,0.0001,151,,1.7324928744782415,1.800952159768954
2024-09-19,101343.56,82001.34,0.0023,151,,1.7324928744782415,1.800952159768954
2024-09-20,101271.68,82251.59,-0.0007,151,,1.7324928744782415,1.800952159768954
2024-09-23,101345.32,82166.56,0.0,151,,1.7324928744782415,1.800952159768954
2024-09-24,101364.22,82235.89,0.0002,151,,1.7324928744782415,1.800952159768954
2024-09-25,101245.09,82276.75,-0.0012,151,,1.7324928744782415,1.800952159768954
2024-09-26,101504.94,82108.86,0.0014,151,,1.7324928744782415,1.800952159768954
2024-09-27,101489.84,82373.56,-0.0001,151,,1.7324928744782415,1.800952159768954
2024-09-30,101529.47,82351.27,0.0002,151,,1.7324928744782415,1.800952159768954
2024-10-01,101397.3,82413.44,-0.0013,151,,1.7324928744782415,1.800952159768954
2024-10-02,101392.15,82282.75,-0.0014,151,,1.7324928744782415,1.800952159768954
2024-10-03,101298.1,82295.29,-0.0023,151,,1.7324928744782415,1.800952159768954
2024-10-04,101487.4,82165.03,-0.0004,151,,1.7324928744782415,1.800952159768954
2024-10-07,101289.35,82393.07,-0.0024,151,,1.7324928744782415,1.800952159768954
2024-10-08,101350.42,82184.62,-0.0018,151,,1.7324928744782415,1.800952159768954
2024-10-09,101485.59,82219.45,-0.0004,151,,1.7324928744782415,1.800952159768954
2024-10-10,101429.88,82363.36,-0.001,151,,1.7324928744782415,1.800952159768954
2024-10-11,101629.56,82270.38,0.001,151,,1.7324928744782415,1.800952159768954
2024-10-14,101729.57,82452.51,0.001,151,,1.7324928744782415,1.800952159768954
2024-10-15,101669.6,82561.13,-0.0006,151,,1.7324928744782415,1.800952159768954
2024-10-16,101821.17,82473.98,0.0009,151,,1.7324928744782415,1.800952159768954
2024-10-17,101820.03,82627.01,-0.0,151,,1.7324928744782415,1.800952159768954
2024-10-18,101851.81,82618.04,0.0003,151,,1.7324928744782415,1.800952159768954
2024-10-21,101679.64,82683.06,-0.0017,151,,1.7324928744782415,1.800952159768954
2024-10-22,101597.51,82526.41,-0.0025,151,,1.7324928744782415,1.800952159768954
2024-10-23,101478.55,82465.94,-0.0037,151,,1.7324928744782415,1.800952159768954
2024-10-24,101474.89,82347.89,-0.0037,151,,1.7324928744782415,1.800952159768954
2024-10-25,101374.75,82363.98,-0.0047,151,,1.7324928744782415,1.800952159768954
2024-10-28,101495.05,82242.74,-0.0035,151,,1.7324928744782415,1.800952159768954
2024-10-29,101485.8,82363.76,-0.0036,151,,1.7324928744782415,1.800952159768954
2024-10-30,101511.89,82347.86,-0.0033,151,,1.7324928744782415,1.800952159768954
2024-10-31,101305.39,82414.06,-0.0054,151,,1.7324928744782415,1.800952159768954
2024-11-01,101410.32,82188.08,-0.0043,151,,1.7324928744782415,1.800952159768954
2024-11-04,101451.93,82287.34,-0.0039,151,,1.7324928744782415,1.800952159768954
2024-11-05,101659.52,82277.97,-0.0019,151,,1.7324928744782415,1.800952159768954
2024-11-06,102188.77,82396.63,0.0033,151,,1.7324928744782415,1.800952159768954
2024-11-07,102194.73,82917.04,0.0001,151,,1.7324928744782415,1.800952159768954
2024-11-08,102246.84,82926.44,0.0005,151,,1.7324928744782415,1.800952159768954
2024-11-11,102343.56,82952.94,0.0009,151,,1.7324928744782415,1.800952159768954
2024-11-12,102226.84,83069.88,-0.0011,151,,1.7324928744782415,1.800952159768954
2024-11-13,102191.1,82959.3,-0.0015,151,,1.7324928744782415,1.800952159768954
2024-11-14,102045.25,82951.33,-0.0029,151,,1.7324928744782415,1.800952159768954
2024-11-15,101885.79,82837.69,-0.0045,151,,1.7324928744782415,1.800952159768954
2024-11-18,101967.66,82660.81,-0.0037,151,,1.7324928744782415,1.800952159768954
2024-11-19,101913.14,82754.54,-0.0042,151,,1.7324928744782415,1.800952159768954
2024-11-20,102004.49,82683.11,-0.0033,151,,1.7324928744782415,1.800952159768954
2024-11-21,102242.5,82728.5,-0.001,151,,1.7324928744782415,1.800952159768954
2024-11-22,102408.43,82936.34,0.0006,151,,1.7324928744782415,1.800952159768954
2024-11-25,102631.33,83058.06,0.0022,151,,1.7324928744782415,1.800952159768954
2024-11-26,102640.97,83279.41,0.0001,151,,1.7324928744782415,1.800952159768954
2024-11-27,102564.83,83305.69,-0.0007,151,,1.7324928744782415,1.800952159768954
2024-11-29,102617.52,83219.39,-0.0002,151,,1.7324928744782415,1.800952159768954
2024-12-02,102601.66,83276.22,-0.0004,151,,1.7324928744782415,1.800952159768954
2024-12-03,102542.63,83269.66,-0.001,151,,1.7324928744782415,1.800952159768954
2024-12-04,102602.4,83199.3,-0.0004,151,,1.7324928744782415,1.800952159768954
2024-12-05,102542.68,83270.52,-0.001,151,,1.7324928744782415,1.800952159768954
2024-12-06,102532.35,83213.18,-0.0011,151,,1.7324928744782415,1.800952159768954
2024-12-09,102442.94,83219.69,-0.0019,151,,1.7324928744782415,1.800952159768954
2024-12-10,102282.94,83160.93,-0.0035,151,,1.7324928744782415,1.800952159768954
2024-12-11,102304.88,82996.22,-0.0033,151,,1.7324928744782415,1.800952159768954
2024-12-12,102186.19,83041.27,-0.0044,151,,1.7324928744782415,1.800952159768954
2024-12-13,102124.74,82933.4,-0.005,151,,1.7324928744782415,1.800952159768954
2024-12-16,102064.77,82882.21,-0.0056,151,,1.7324928744782415,1.800952159768954
2024-12-17,101930.68,82847.9,-0.0069,151,,1.7324928744782415,1.800952159768954
2024-12-18,101380.12,82818.36,-0.0123,151,,1.7324928744782415,1.800952159768954
2024-12-19,101304.0,82281.22,-0.013,151,,1.7324928744782415,1.800952159768954
2024-12-20,101599.15,82148.44,-0.0102,151,,1.7324928744782415,1.800952159768954
2024-12-23,101673.99,82433.76,-0.0094,151,,1.7324928744782415,1.800952159768954
2024-12-24,101812.75,82478.77,-0.0081,151,,1.7324928744782415,1.800952159768954
2024-12-26,101869.65,82607.45,-0.0075,151,,1.7324928744782415,1.800952159768954
2024-12-27,101726.26,82691.29,-0.0089,151,,1.7324928744782415,1.800952159768954
2024-12-30,101531.01,82585.51,-0.0108,151,,1.7324928744782415,1.800952159768954
2024-12-31,101540.71,82386.83,-0.0107,151,,1.7324928744782415,1.800952159768954
2025-01-02,101527.01,82400.4,-0.0109,151,,1.7324928744782415,1.800952159768954
2025-01-03,101707.23,82353.01,-0.0091,151,,1.7324928744782415,1.800952159768954
2025-01-06,101783.99,82518.28,-0.0083,151,,1.7324928744782415,1.800952159768954
2025-01-07,101755.96,82598.91,-0.0086,151,,1.7324928744782415,1.800952159768954
2025-01-08,101792.58,82565.32,-0.0083,151,,1.7324928744782415,1.800952159768954
2025-01-10,101495.84,82657.56,-0.0112,151,,1.7324928744782415,1.800952159768954
2025-01-13,101632.83,82337.28,-0.0098,151,,1.7324928744782415,1.800952159768954
2025-01-14,101762.47,82451.0,-0.0086,151,,1.7324928744782415,1.800952159768954
2025-01-15,101954.27,82541.58,-0.0067,151,,1.7324928744782415,1.800952159768954
2025-01-16,102062.02,82710.64,-0.0056,151,,1.7324928744782415,1.800952159768954
2025-01-17,102148.1,82804.23,-0.0048,151,,1.7324928744782415,1.800952159768954
2025-01-21,102403.17,82842.61,-0.0023,151,,1.7324928744782415,1.800952159768954
2025-01-22,102353.24,83106.15,-0.0028,151,,1.7324928744782415,1.800952159768954
2025-01-23,102409.85,83045.76,-0.0023,151,,1.7324928744782415,1.800952159768954
2025-01-24,102415.13,83102.95,-0.0022,151,,1.7324928744782415,1.800952159768954
2025-01-27,102432.46,83104.99,-0.002,151,,1.7324928744782415,1.800952159768954
2025-01-28,102386.35,83129.37,-0.0025,151,,1.7324928744782415,1.800952159768954
2025-01-29,102366.47,83090.25,-0.0027,151,,1.7324928744782415,1.800952159768954
2025-01-30,102517.94,83039.45,-0.0012,151,,1.7324928744782415,1.800952159768954
2025-01-31,102391.87,83214.02,-0.0024,151,,1.7324928744782415,1.800952159768954
2025-02-03,102232.89,83120.16,-0.004,151,,1.7324928744782415,1.800952159768954
2025-02-04,102258.73,82954.45,-0.0037,151,,1.7324928744782415,1.800952159768954
2025-02-05,102393.93,82956.75,-0.0024,151,,1.7324928744782415,1.800952159768954
2025-02-06,102370.74,83094.63,-0.0026,151,,1.7324928744782415,1.800952159768954
2025-02-07,102263.85,83090.65,-0.0037,151,,1.7324928744782415,1.800952159768954
2025-02-10,102308.42,82976.22,-0.0032,151,,1.7324928744782415,1.800952159768954
2025-02-11,102248.99,83032.5,-0.0038,151,,1.7324928744782415,1.800952159768954
2025-02-12,102108.21,82998.23,-0.0052,151,,1.7324928744782415,1.800952159768954
2025-02-13,102170.71,82846.81,-0.0046,151,,1.7324928744782415,1.800952159768954
2025-02-14,102200.52,82718.68,-0.0043,152,,1.7324928744782415,1.800952159768954
2025-02-18,102394.76,82719.18,-0.0024,152,,1.7324928744782415,1.800952159768954
2025-02-19,102486.63,82885.0,-0.0015,152,,1.7324928744782415,1.800952159768954
2025-02-20,102396.11,82997.42,-0.0024,152,,1.7324928744782415,1.800952159768954
2025-02-21,102098.88,82963.82,-0.0053,152,,1.7324928744782415,1.800952159768954
2025-02-24,102124.55,82654.96,-0.005,152,,1.7324928744782415,1.800952159768954
2025-02-25,102171.28,82675.16,-0.0046,152,,1.7324928744782415,1.800952159768954
2025-02-26,102148.77,82725.4,-0.0048,152,,1.7324928744782415,1.800952159768954
2025-02-27,101983.81,82739.27,-0.0064,152,,1.7324928744782415,1.800952159768954
2025-02-28,102175.51,82538.41,-0.0045,152,,1.7324928744782415,1.800952159768954
2025-03-03,101953.82,82766.48,-0.0067,152,,1.7324928744782415,1.800952159768954
2025-03-04,101569.13,82620.91,-0.0104,152,,1.7324928744782415,1.800952159768954
2025-03-05,101779.51,82191.56,-0.0084,152,,1.7324928744782415,1.800952159768954
2025-03-06,101554.78,82453.76,-0.0106,152,,1.7324928744782415,1.800952159768954
2025-03-07,101729.15,82195.41,-0.0089,152,,1.7324928744782415,1.800952159768954
2025-03-10,101393.4,82428.21,-0.0122,152,,1.7324928744782415,1.800952159768954
2025-03-11,101138.47,82141.85,-0.0146,152,,1.7324928744782415,1.800952159768954
2025-03-12,101049.85,81904.18,-0.0155,152,,1.7324928744782415,1.800952159768954
2025-03-13,100809.6,81856.46,-0.0178,152,,1.7324928744782415,1.800952159768954
2025-03-14,101211.32,81545.81,-0.0139,152,,1.7324928744782415,1.800952159768954
2025-03-17,101485.28,81903.43,-0.0113,152,,1.7324928744782415,1.800952159768954
2025-03-18,101365.42,82185.53,-0.0124,152,,1.7324928744782415,1.800952159768954
2025-03-19,101519.56,82042.91,-0.0109,152,,1.7324928744782415,1.800952159768954
2025-03-20,101442.53,82213.13,-0.0117,152,,1.7324928744782415,1.800952159768954
2025-03-21,101339.57,82153.42,-0.0127,152,,1.7324928744782415,1.800952159768954
2025-03-24,101650.91,81990.62,-0.0096,152,,1.7324928744782415,1.800952159768954
2025-03-25,101569.49,82320.01,-0.0104,152,,1.7324928744782415,1.800952159768954
2025-03-26,101520.54,82247.1,-0.0109,152,,1.7324928744782415,1.800952159768954
2025-03-27,101480.72,82204.64,-0.0113,152,,1.7324928744782415,1.800952159768954
2025-03-28,101128.23,82228.07,-0.0147,152,,1.7324928744782415,1.800952159768954
2025-03-31,101222.2,81860.07,-0.0138,152,,1.7324928744782415,1.800952159768954
2025-04-01,101246.95,81950.8,-0.0136,152,,1.7324928744782415,1.800952159768954
2025-04-02,101418.65,81942.32,-0.0119,152,,1.7324928744782415,1.800952159768954
2025-04-03,100247.12,82337.15,-0.0233,152,,1.7324928744782415,1.800952159768954
2025-04-04,99227.95,81390.31,-0.0333,152,,1.7324928744782415,1.800952159768954
2025-04-07,99138.54,80297.48,-0.0341,152,,1.7324928744782415,1.800952159768954
2025-04-08,98769.86,80338.35,-0.0377,152,,1.7324928744782415,1.800952159768954
2025-04-09,100391.68,79662.84,-0.0219,152,,1.7324928744782415,1.800952159768954
2025-04-10,99650.82,81488.41,-0.0291,152,,1.7324928744782415,1.800952159768954
2025-04-11,100035.01,80698.62,-0.0254,152,,1.7324928744782415,1.800952159768954
2025-04-14,100309.53,80955.3,-0.0227,152,,1.7324928744782415,1.800952159768954
2025-04-15,100234.52,81227.1,-0.0234,152,,1.7324928744782415,1.800952159768954
2025-04-16,99964.78,81207.93,-0.0261,152,,1.7324928744782415,1.800952159768954
2025-04-17,100030.93,80924.18,-0.0254,152,,1.7324928744782415,1.800952159768954
2025-04-21,99623.42,81068.86,-0.0294,152,,1.7324928744782415,1.800952159768954
2025-04-22,100091.17,80571.39,-0.0248,152,,1.7324928744782415,1.800952159768954
2025-04-23,100349.89,81002.96,-0.0223,152,,1.7324928744782415,1.800952159768954
2025-04-24,100739.76,81169.43,-0.0185,152,,1.7324928744782415,1.800952159768954
2025-04-25,100735.71,81558.11,-0.0186,152,,1.7324928744782415,1.800952159768954
2025-04-28,100786.0,81549.02,-0.0181,152,,1.7324928744782415,1.800952159768954
2025-04-29,100882.75,81584.01,-0.0171,152,,1.7324928744782415,1.800952159768954
2025-04-30,100925.44,81671.75,-0.0167,152,,1.7324928744782415,1.800952159768954
2025-05-01,100906.72,81718.82,-0.0169,152,,1.7324928744782415,1.800952159768954
2025-05-02,101323.18,81621.02,-0.0128,152,,1.7324928744782415,1.800952159768954
2025-05-05,101279.3,82046.94,-0.0133,152,,1.7324928744782415,1.800952159768954
2025-05-06,101105.52,82035.22,-0.015,152,,1.7324928744782415,1.800952159768954
2025-05-07,101274.39,81828.33,-0.0133,152,,1.7324928744782415,1.800952159768954
2025-05-08,101490.5,81957.58,-0.0112,152,,1.7324928744782415,1.800952159768954
2025-05-09,101437.48,82179.91,-0.0117,152,,1.7324928744782415,1.800952159768954
2025-05-12,102077.03,82007.37,-0.0055,152,,1.7324928744782415,1.800952159768954
2025-05-13,102117.98,82645.07,-0.0051,152,,1.7324928744782415,1.800952159768954
2025-05-14,101949.38,82703.58,-0.0067,152,,1.7324928744782415,1.800952159768954
2025-05-15,102098.72,82513.96,-0.0053,152,,1.7324928744782415,1.800952159768954
2025-05-16,102314.72,82625.88,-0.0032,152,,1.7324928744782415,1.800952159768954
2025-05-19,102342.66,82833.86,-0.0029,152,,1.7324928744782415,1.800952159768954
2025-05-20,102314.71,82865.77,-0.0032,152,,1.7324928744782415,1.800952159768954
2025-05-21,101889.68,82920.48,-0.0073,152,,1.7324928744782415,1.800952159768954
2025-05-22,101866.52,82500.66,-0.0075,152,,1.7324928744782415,1.800952159768954
2025-05-23,101773.87,82494.16,-0.0084,152,,1.7324928744782415,1.800952159768954
2025-05-27,102187.35,82322.91,-0.0044,152,,1.7324928744782415,1.800952159768954
2025-05-28,102047.88,82766.99,-0.0058,152,,1.7324928744782415,1.800952159768954
2025-05-29,102118.56,82613.3,-0.0051,152,,1.7324928744782415,1.800952159768954
2025-05-30,102100.64,82684.49,-0.0053,152,,1.7324928744782415,1.800952159768954
2025-06-02,102118.56,82663.28,-0.0051,152,,1.7324928744782415,1.800952159768954
2025-06-03,102295.53,82646.48,-0.0034,152,,1.7324928744782415,1.800952159768954
2025-06-04,102263.88,82830.39,-0.0037,152,,1.7324928744782415,1.800952159768954
2025-06-05,102248.48,82801.35,-0.0038,152,,1.7324928744782415,1.800952159768954
2025-06-06,102489.39,82741.27,-0.0015,152,,1.7324928744782415,1.800952159768954
2025-06-09,102494.46,82981.69,-0.0014,152,,1.7324928744782415,1.800952159768954
2025-06-10,102572.94,82969.76,-0.0007,152,,1.7324928744782415,1.800952159768954
2025-06-11,102489.39,83063.11,-0.0015,152,,1.7324928744782415,1.800952159768954
2025-06-12,102539.14,82972.25,-0.001,152,,1.7324928744782415,1.800952159768954
2025-06-13,102295.09,83067.78,-0.0034,152,,1.7324928744782415,1.800952159768954
2025-06-16,102551.86,82775.17,-0.0009,152,,1.7324928744782415,1.800952159768954
2025-06-17,102355.46,83075.01,-0.0028,152,,1.7324928744782415,1.800952159768954
2025-06-18,102363.36,82875.01,-0.0027,152,,1.7324928744782415,1.800952159768954
2025-06-20,102394.08,82873.33,-0.0024,152,,1.7324928744782415,1.800952159768954
2025-06-23,102530.93,82877.64,-0.0011,152,,1.7324928744782415,1.800952159768954
2025-06-24,102748.4,82972.87,0.001,152,,1.7324928744782415,1.800952159768954
2025-06-25,102602.57,83217.52,-0.0014,152,,1.7324928744782415,1.800952159768954
2025-06-26,102752.51,83045.25,0.0,152,,1.7324928744782415,1.800952159768954
2025-06-27,102839.99,83178.7,0.0009,152,,1.7324928744782415,1.800952159768954
2025-06-30,102939.07,83245.61,0.001,152,,1.7324928744782415,1.800952159768954
2025-07-01,103150.58,83304.7,0.0021,152,,1.7324928744782415,1.800952159768954
2025-07-02,103198.95,83507.84,0.0005,152,,1.7324928744782415,1.800952159768954
2025-07-03,103325.21,83531.21,0.0012,152,,1.7324928744782415,1.800952159768954
2025-07-07,103133.37,83693.9,-0.0019,152,,1.7324928744782415,1.800952159768954
2025-07-08,103180.49,83494.68,-0.0014,152,,1.7324928744782415,1.800952159768954
2025-07-09,103239.91,83530.51,-0.0008,152,,1.7324928744782415,1.800952159768954
2025-07-10,103403.23,83557.55,0.0008,152,,1.7324928744782415,1.800952159768954
2025-07-11,103239.39,83752.04,-0.0016,152,,1.7324928744782415,1.800952159768954
2025-07-14,103279.74,83582.91,-0.0012,152,,1.7324928744782415,1.800952159768954
2025-07-15,103001.17,83674.61,-0.0039,152,,1.7324928744782415,1.800952159768954
2025-07-16,103053.14,83386.93,-0.0034,152,,1.7324928744782415,1.800952159768954
2025-07-17,103211.35,83409.39,-0.0019,152,,1.7324928744782415,1.800952159768954
2025-07-18,103234.31,83560.64,-0.0016,152,,1.7324928744782415,1.800952159768954
2025-07-21,103154.57,83598.68,-0.0024,152,,1.7324928744782415,1.800952159768954
2025-07-22,103383.52,83475.56,-0.0002,152,,1.7324928744782415,1.800952159768954
2025-07-23,103651.57,83655.88,0.0024,152,,1.7324928744782415,1.800952159768954
2025-07-24,103598.83,83928.49,-0.0005,152,,1.7324928744782415,1.800952159768954
2025-07-25,103707.36,83859.16,0.0005,152,,1.7324928744782415,1.800952159768954
2025-07-28,103610.07,83988.79,-0.0009,152,,1.7324928744782415,1.800952159768954
2025-07-29,103538.8,83902.34,-0.0016,152,,1.7324928744782415,1.800952159768954
2025-07-30,103401.93,83856.51,-0.0029,152,,1.7324928744782415,1.800952159768954
2025-07-31,103228.6,83752.44,-0.0046,152,,1.7324928744782415,1.800952159768954
2025-08-01,102994.41,83623.06,-0.0069,152,,1.7324928744782415,1.800952159768954
2025-08-04,103263.05,83338.51,-0.0043,152,,1.7324928744782415,1.800952159768954
2025-08-05,103213.53,83620.98,-0.0048,152,,1.7324928744782415,1.800952159768954
2025-08-06,103208.66,83569.56,-0.0048,152,,1.7324928744782415,1.800952159768954
2025-08-07,103122.62,83580.68,-0.0056,152,,1.7324928744782415,1.800952159768954
2025-08-08,103303.71,83461.45,-0.0039,152,,1.7324928744782415,1.800952159768954
2025-08-11,103230.65,83653.84,-0.0046,152,,1.7324928744782415,1.800952159768954
2025-08-12,103574.82,83516.32,-0.0013,152,,1.7324928744782415,1.800952159768954
2025-08-13,103830.22,83813.48,0.0012,152,,1.7324928744782415,1.800952159768954
2025-08-14,103706.05,84086.43,-0.0012,152,,1.7324928744782415,1.800952159768954
2025-08-15,103692.69,83970.45,-0.0013,152,,1.7324928744782415,1.800952159768954
2025-08-18,103741.73,83945.88,-0.0009,152,,1.7324928744782415,1.800952159768954
2025-08-19,103800.96,83982.86,-0.0003,152,,1.7324928744782415,1.800952159768954
2025-08-20,103777.76,84048.43,-0.0005,152,,1.7324928744782415,1.800952159768954
2025-08-21,103712.03,84035.92,-0.0011,152,,1.7324928744782415,1.800952159768954
2025-08-22,104097.94,83897.45,0.0026,152,,1.7324928744782415,1.800952159768954
2025-08-25,103926.48,84319.57,-0.0016,152,,1.7324928744782415,1.800952159768954
2025-08-26,103976.95,84138.0,-0.0012,152,,1.7324928744782415,1.800952159768954
2025-08-27,104043.91,84172.82,-0.0005,152,,1.7324928744782415,1.800952159768954
2025-08-28,104065.08,84236.6,-0.0003,152,,1.7324928744782415,1.800952159768954
2025-08-29,104038.83,84261.52,-0.0006,152,,1.7324928744782415,1.800952159768954
2025-09-01,88949.38,87109.17,-0.1455,152,,1.7324928744782415,1.800952159768954
2025-09-02,103931.94,84191.79,-0.0016,152,,1.7324928744782415,1.800952159768954
2025-09-03,120373.43,97518.42,0.1563,152,,1.7324928744782415,1.800952159768954
2025-09-04,120701.83,97493.83,0.0027,152,,1.7324928744782415,1.800952159768954
2025-09-05,120709.36,97723.08,0.0001,152,,1.7324928744782415,1.800952159768954
2025-09-08,120733.2,97724.95,0.0002,152,,1.7324928744782415,1.800952159768954
2025-09-09,120711.45,97755.46,-0.0002,152,,1.7324928744782415,1.800952159768954
2025-09-10,120656.56,97745.28,-0.0006,152,,1.7324928744782415,1.800952159768954
2025-09-11,121024.56,97619.22,0.0024,152,,1.7324928744782415,1.800952159768954
2025-09-12,120828.14,98025.99,-0.0016,152,,1.7324928744782415,1.800952159768954
2025-09-15,120805.6,97835.82,-0.0018,152,,1.7324928744782415,1.800952159768954
2025-09-16,120773.04,97816.04,-0.0021,152,,1.7324928744782415,1.800952159768954
2025-09-17,120880.23,97763.44,-0.0012,152,,1.7324928744782415,1.800952159768954
2025-09-18,121043.08,97840.64,0.0002,152,,1.7324928744782415,1.800952159768954
2025-09-19,120982.55,98014.33,-0.0005,152,,1.7324928744782415,1.800952159768954
2025-09-22,121012.73,97947.76,-0.0003,152,,1.7324928744782415,1.800952159768954
2025-09-23,121035.19,97974.42,-0.0001,152,,1.7324928744782415,1.800952159768954
2025-09-24,120957.94,98012.18,-0.0007,152,,1.7324928744782415,1.800952159768954
2025-09-25,120721.94,97979.3,-0.0027,152,,1.7324928744782415,1.800952159768954
2025-09-26,120906.7,97706.48,-0.0011,152,,1.7324928744782415,1.800952159768954
2025-09-29,121022.27,97873.15,-0.0002,152,,1.7324928744782415,1.800952159768954
2025-09-30,121149.4,97961.01,0.0009,152,,1.7324928744782415,1.800952159768954
2025-10-01,121305.52,98058.26,0.0013,152,,1.7324928744782415,1.800952159768954
2025-10-02,121372.8,98195.08,0.0006,152,,1.7324928744782415,1.800952159768954
2025-10-03,121464.97,98253.03,0.0008,152,,1.7324928744782415,1.800952159768954
2025-10-06,121425.75,98351.0,-0.0003,152,,1.7324928744782415,1.800952159768954
2025-10-07,121347.71,98329.47,-0.001,152,,1.7324928744782415,1.800952159768954
2025-10-08,121494.05,98220.04,0.0002,152,,1.7324928744782415,1.800952159768954
2025-10-09,121347.68,98396.47,-0.0012,152,,1.7324928744782415,1.800952159768954
2025-10-10,120750.2,98365.17,-0.0061,152,,1.7324928744782415,1.800952159768954
2025-10-13,121042.82,97709.05,-0.0037,152,,1.7324928744782415,1.800952159768954
2025-10-14,121267.8,97975.82,-0.0019,152,,1.7324928744782415,1.800952159768954
2025-10-15,121338.11,98171.75,-0.0013,152,,1.7324928744782415,1.800952159768954
2025-10-16,121033.98,98302.83,-0.0038,152,,1.7324928744782415,1.800952159768954
2025-10-17,121144.13,97972.58,-0.0029,152,,1.7324928744782415,1.800952159768954
2025-10-20,121382.85,98043.88,-0.0009,152,,1.7324928744782415,1.800952159768954
2025-10-21,121501.48,98255.47,0.0001,152,,1.7324928744782415,1.800952159768954
2025-10-22,121370.99,98397.33,-0.0011,152,,1.7324928744782415,1.800952159768954
2025-10-23,121537.59,98237.92,0.0003,152,,1.7324928744782415,1.800952159768954
2025-10-24,121670.55,98380.51,0.0011,152,,1.7324928744782415,1.800952159768954
2025-10-27,121743.87,98491.85,0.0006,152,,1.7324928744782415,1.800952159768954
2025-10-28,121535.85,98610.82,-0.0017,152,,1.7324928744782415,1.800952159768954
2025-10-29,121387.7,98429.36,-0.0029,152,,1.7324928744782415,1.800952159768954
2025-10-30,121231.25,98309.54,-0.0042,152,,1.7324928744782415,1.800952159768954
2025-10-31,121302.67,98141.69,-0.0036,152,,1.7324928744782415,1.800952159768954
2025-11-03,121279.79,98217.53,-0.0038,152,,1.7324928744782415,1.800952159768954
2025-11-04,121101.28,98228.75,-0.0053,152,,1.7324928744782415,1.800952159768954
2025-11-05,121360.07,98002.08,-0.0032,152,,1.7324928744782415,1.800952159768954
2025-11-06,121142.23,98311.67,-0.0049,152,,1.7324928744782415,1.800952159768954
2025-11-07,121391.33,98040.06,-0.0029,152,,1.7324928744782415,1.800952159768954
2025-11-10,121571.61,98254.59,-0.0014,152,,1.7324928744782415,1.800952159768954
2025-11-11,121700.56,98400.5,-0.0004,152,,1.7324928744782415,1.800952159768954
2025-11-12,121855.67,98505.87,0.0009,152,,1.7324928744782415,1.800952159768954
2025-11-13,121537.99,98722.09,-0.0026,152,,1.7324928744782415,1.800952159768954
2025-11-14,121477.25,98419.45,-0.0031,152,,1.7324928744782415,1.800952159768954
2025-11-17,121136.74,98419.42,-0.0059,152,,1.7324928744782415,1.800952159768954
2025-11-18,121084.68,98087.49,-0.0063,152,,1.7324928744782415,1.800952159768954
2025-11-19,120981.9,98057.08,-0.0072,152,,1.7324928744782415,1.800952159768954
2025-11-20,120659.24,98015.56,-0.0098,152,,1.7324928744782415,1.800952159768954
2025-11-21,121157.08,97598.07,-0.0057,152,,1.7324928744782415,1.800952159768954
2025-11-24,121352.29,98065.96,-0.0041,152,,1.7324928744782415,1.800952159768954
2025-11-25,121731.05,98177.56,-0.001,152,,1.7324928744782415,1.800952159768954
2025-11-26,121841.02,98539.41,-0.0001,152,,1.7324928744782415,1.800952159768954
2025-11-27,104253.89,101995.31,-0.1444,152,,1.7324928744782415,1.800952159768954
2025-11-28,121920.62,98750.63,0.0005,152,,1.7324928744782415,1.800952159768954
2025-12-01,143657.56,116774.97,0.1783,152,,1.7324928744782415,1.800952159768954
2025-12-02,143896.06,116534.61,0.0017,152,,1.7324928744782415,1.800952159768954
2025-12-03,144031.0,116479.24,0.0009,152,,1.7324928744782415,1.800952159768954
2025-12-04,144100.39,116600.68,0.0005,152,,1.7324928744782415,1.800952159768954
2025-12-05,144192.05,116654.89,0.0006,152,,1.7324928744782415,1.800952159768954
2025-12-08,144068.15,116765.55,-0.0009,152,,1.7324928744782415,1.800952159768954
2025-12-09,144055.6,116647.68,-0.0009,152,,1.7324928744782415,1.800952159768954
2025-12-10,144480.72,116552.49,0.002,152,,1.7324928744782415,1.800952159768954
2025-12-11,144812.06,116918.35,0.0023,152,,1.7324928744782415,1.800952159768954
2025-12-12,144584.11,117286.23,-0.0016,152,,1.7324928744782415,1.800952159768954
2025-12-15,144590.56,117064.45,-0.0015,152,,1.7324928744782415,1.800952159768954
2025-12-16,144417.92,117098.54,-0.0027,152,,1.7324928744782415,1.800952159768954
2025-12-17,144249.9,116961.16,-0.0039,152,,1.7324928744782415,1.800952159768954
2025-12-18,144320.39,116779.14,-0.0034,152,,1.7324928744782415,1.800952159768954
2025-12-19,144524.21,116814.47,-0.002,152,,1.7324928744782415,1.800952159768954
2025-12-22,144707.29,116975.35,-0.0007,152,,1.7324928744782415,1.800952159768954
2025-12-23,144600.32,117180.69,-0.0015,152,,1.7324928744782415,1.800952159768954
2025-12-24,144725.22,117053.73,-0.0006,152,,1.7324928744782415,1.800952159768954
2025-12-25,123769.83,121167.02,-0.1453,152,,1.7324928744782415,1.800952159768954
2025-12-26,144733.39,117259.02,-0.0005,152,,1.7324928744782415,1.800952159768954
2025-12-29,172658.46,139920.21,0.1923,152,,1.7324928744782415,1.800952159768954
2025-12-30,172609.88,139820.23,-0.0003,152,,1.7324928744782415,1.800952159768954
2025-12-31,172326.54,139807.82,-0.0019,152,,1.7324928744782415,1.800952159768954
2026-01-01,147620.15,144227.23,-0.145,152,,1.7324928744782415,1.800952159768954
2026-01-02,172613.75,139489.28,-0.0003,152,,1.7324928744782415,1.800952159768954
2026-01-05,207409.86,167122.43,0.2013,152,,1.7324928744782415,1.800952159768954
2026-01-06,207733.07,167502.49,0.0016,152,,1.7324928744782415,1.800952159768954
2026-01-07,207294.2,168271.31,-0.0021,152,,1.7324928744782415,1.800952159768954
2026-01-08,207530.98,167803.82,-0.001,152,,1.7324928744782415,1.800952159768954
2026-01-09,207729.85,167995.03,-0.0,152,,1.7324928744782415,1.800952159768954
2026-01-12,207816.26,168179.56,0.0004,152,,1.7324928744782415,1.800952159768954
2026-01-13,207672.01,168280.68,-0.0007,152,,1.7324928744782415,1.800952159768954
2026-01-14,207801.88,168115.18,-0.0001,152,,1.7324928744782415,1.800952159768954
2026-01-15,208074.5,168195.27,0.0012,152,,1.7324928744782415,1.800952159768954
2026-01-16,207857.55,168509.83,-0.001,152,,1.7324928744782415,1.800952159768954
2026-01-19,177690.91,174035.67,-0.146,152,,1.7324928744782415,1.800952159768954
2026-01-20,207345.99,168144.5,-0.0035,152,,1.7324928744782415,1.800952159768954
2026-01-21,252643.09,202849.54,0.2142,152,,1.7324928744782415,1.800952159768954
2026-01-22,251905.69,203805.81,-0.0029,152,,1.7324928744782415,1.800952159768954
2026-01-23,251660.26,204000.04,-0.0039,152,,1.7324928744782415,1.800952159768954
2026-01-26,251757.53,203739.65,-0.0035,152,,1.7324928744782415,1.800952159768954
2026-01-27,251554.33,203877.91,-0.0043,152,,1.7324928744782415,1.800952159768954
2026-01-28,251605.7,203661.18,-0.0041,152,,1.7324928744782415,1.800952159768954
2026-01-29,251689.26,203692.02,-0.0038,152,,1.7324928744782415,1.800952159768954
2026-01-30,251566.65,203804.86,-0.0043,152,,1.7324928744782415,1.800952159768954
2026-02-02,252158.9,203569.98,-0.0019,152,,1.7324928744782415,1.800952159768954
2026-02-03,252022.98,204195.79,-0.0025,152,,1.7324928744782415,1.800952159768954
2026-02-04,252324.03,203985.08,-0.0013,152,,1.7324928744782415,1.800952159768954
2026-02-05,251805.41,204397.86,-0.0033,152,,1.7324928744782415,1.800952159768954
2026-02-06,252837.23,203682.68,0.0008,152,,1.7324928744782415,1.800952159768954
2026-02-09,252746.8,204751.61,-0.0004,152,,1.7324928744782415,1.800952159768954
2026-02-10,252686.5,204642.27,-0.0006,152,,1.7324928744782415,1.800952159768954
2026-02-11,252695.9,204586.96,-0.0006,152,,1.7324928744782415,1.800952159768954
2026-02-12,251958.91,204742.34,-0.0035,152,,1.7324928744782415,1.800952159768954
2026-02-13,252403.26,203903.72,-0.0017,152,,1.7324928744782415,1.800952159768954
2026-02-16,215410.37,211419.75,-0.148,152,,1.7324928744782415,1.800952159768954
2026-02-17,252313.05,204376.41,-0.0021,152,,1.7324928744782415,1.800952159768954
2026-02-18,308027.18,248944.24,0.2183,152,,1.7324928744782415,1.800952159768954
2026-02-19,307905.29,249525.39,-0.0004,152,,1.7324928744782415,1.800952159768954
2026-02-20,308234.6,249237.99,0.0007,152,,1.7324928744782415,1.800952159768954
2026-02-23,307297.37,249743.11,-0.003,152,,1.7324928744782415,1.800952159768954
2026-02-24,307670.12,248745.37,-0.0018,152,,1.7324928744782415,1.800952159768954
2026-02-25,307934.95,249065.72,-0.001,152,,1.7324928744782415,1.800952159768954
2026-02-26,308221.16,249269.26,-0.0,152,,1.7324928744782415,1.800952159768954
2026-02-27,308204.34,249552.49,-0.0001,152,,1.7324928744782415,1.800952159768954
2026-03-02,308214.41,249544.65,-0.0001,152,,1.7324928744782415,1.800952159768954
2026-03-03,307620.4,249653.89,-0.002,152,,1.7324928744782415,1.800952159768954
2026-03-04,307936.24,249004.66,-0.001,152,,1.7324928744782415,1.800952159768954
2026-03-05,307425.02,249428.6,-0.0026,152,,1.7324928744782415,1.800952159768954
2026-03-06,306692.11,249050.31,-0.005,152,,1.7324928744782415,1.800952159768954
2026-03-09,306838.93,248273.11,-0.0045,152,,1.7324928744782415,1.800952159768954
2026-03-10,306407.09,248536.1,-0.0059,152,,1.7324928744782415,1.800952159768954
2026-03-11,306304.2,248095.48,-0.0063,152,,1.7324928744782415,1.800952159768954
2026-03-12,305230.66,248199.98,-0.0097,152,,1.7324928744782415,1.800952159768954
2026-03-13,305270.96,247115.48,-0.0096,152,,1.7324928744782415,1.800952159768954
2026-03-16,305867.59,247059.32,-0.0077,152,,1.7324928744782415,1.800952159768954
2026-03-17,306247.68,247571.21,-0.0064,152,,1.7324928744782415,1.800952159768954
2026-03-18,305406.91,248106.67,-0.0092,152,,1.7324928744782415,1.800952159768954
2026-03-19,305491.74,247265.42,-0.0089,152,,1.7324928744782415,1.800952159768954
2026-03-20,304796.65,247475.31,-0.0112,152,,1.7324928744782415,1.800952159768954
2026-03-23,305435.83,246666.42,-0.0091,152,,1.7324928744782415,1.800952159768954
2026-03-24,305613.83,247273.45,-0.0085,152,,1.7324928744782415,1.800952159768954
2026-03-25,305929.46,247376.42,-0.0075,152,,1.7324928744782415,1.800952159768954
2026-03-26,305393.06,247791.62,-0.0092,152,,1.7324928744782415,1.800952159768954
2026-03-27,304504.47,247438.31,-0.0121,152,,1.7324928744782415,1.800952159768954
2026-03-30,304174.76,246603.84,-0.0132,152,,1.7324928744782415,1.800952159768954
2026-03-31,305563.46,246016.03,-0.0087,152,,1.7324928744782415,1.800952159768954
2026-04-01,305984.75,247356.83,-0.0073,152,,1.7324928744782415,1.800952159768954
2026-04-02,306142.2,247680.48,-0.0068,152,,1.7324928744782415,1.800952159768954
2026-04-03,262078.0,256255.79,-0.1497,152,,1.7324928744782415,1.800952159768954
2026-04-06,306408.29,248107.78,-0.0059,152,,1.7324928744782415,1.800952159768954
2026-04-07,370651.39,299989.32,0.2025,152,,1.7324928744782415,1.800952159768954
2026-04-08,372167.21,299527.3,0.0041,152,,1.7324928744782415,1.800952159768954
2026-04-09,372134.76,301346.96,-0.0001,152,,1.7324928744782415,1.800952159768954
2026-04-10,371359.6,301424.63,-0.0022,152,,1.7324928744782415,1.800952159768954
2026-04-13,372431.92,300460.87,0.0007,152,,1.7324928744782415,1.800952159768954
2026-04-14,372950.71,301461.2,0.0014,152,,1.7324928744782415,1.800952159768954
2026-04-15,373061.56,301937.09,0.0003,152,,1.7324928744782415,1.800952159768954
2026-04-16,373376.96,301988.96,0.0008,152,,1.7324928744782415,1.800952159768954
2026-04-17,374359.83,302120.05,0.0026,152,,1.7324928744782415,1.800952159768954
2026-04-20,374640.8,303059.72,0.0008,152,,1.7324928744782415,1.800952159768954
2026-04-21,374549.44,303344.51,-0.0002,152,,1.7324928744782415,1.800952159768954
2026-04-22,374459.21,303268.42,-0.0005,152,,1.7324928744782415,1.800952159768954
2026-04-23,374058.26,303251.37,-0.0016,152,,1.7324928744782415,1.800952159768954
2026-04-24,373927.71,302882.75,-0.0019,152,,1.7324928744782415,1.800952159768954
2026-04-27,374001.26,302752.39,-0.0017,152,,1.7324928744782415,1.800952159768954
2026-04-28,373719.54,302866.62,-0.0025,152,,1.7324928744782415,1.800952159768954
2026-04-29,373859.97,302557.83,-0.0021,152,,1.7324928744782415,1.800952159768954
2026-04-30,374768.83,302519.56,0.0003,152,,1.7324928744782415,1.800952159768954
2026-05-01,374893.88,303424.34,0.0003,152,,1.7324928744782415,1.800952159768954
2026-05-04,374701.79,303570.95,-0.0005,152,,1.7324928744782415,1.800952159768954
2026-05-05,375811.76,303161.06,0.0024,152,,1.7324928744782415,1.800952159768954
2026-05-06,377162.57,304019.35,0.0036,152,,1.7324928744782415,1.800952159768954
2026-05-07,377016.3,305358.18,-0.0004,152,,1.7324928744782415,1.800952159768954
2026-05-08,377853.82,305110.14,0.0018,152,,1.7324928744782415,1.800952159768954
2026-05-11,377647.71,305988.49,-0.0005,152,,1.7324928744782415,1.800952159768954
2026-05-12,377679.53,305745.77,-0.0005,152,,1.7324928744782415,1.800952159768954
2026-05-13,377523.61,305824.55,-0.0009,152,,1.7324928744782415,1.800952159768954
2026-05-14,377904.23,305596.0,0.0001,152,,1.7324928744782415,1.800952159768954
2026-05-15,377509.95,306045.14,-0.001,152,,1.7324928744782415,1.800952159768954
2026-05-18,378113.42,305535.56,0.0006,152,,1.7324928744782415,1.800952159768954
2026-05-19,377689.95,306208.02,-0.0011,152,,1.7324928744782415,1.800952159768954
2026-05-20,378595.01,305628.11,0.0013,152,,1.7324928744782415,1.800952159768954
2026-05-21,379091.33,306453.82,0.0013,152,,1.7324928744782415,1.800952159768954
2026-05-22,379911.99,306762.26,0.0022,152,,1.7324928744782415,1.800952159768954
2026-05-25,325504.11,317945.79,-0.1432,152,,1.7324928744782415,1.800952159768954
2026-05-26,380214.86,308478.17,0.0008,152,,1.7324928744782415,1.800952159768954
2026-05-27,469070.8,378918.46,0.2337,152,,1.7324928744782415,1.800952159768954
2026-05-28,469391.34,379041.55,0.0007,152,,1.7324928744782415,1.800952159768954
2026-05-29,470335.14,379852.81,0.002,152,,1.7324928744782415,1.800952159768954
2026-06-01,470905.16,380664.28,0.0012,152,,1.7324928744782415,1.800952159768954
2026-06-02,470965.28,381178.03,0.0001,152,,1.7324928744782415,1.800952159768954
2026-06-03,470752.97,381364.59,-0.0005,152,,1.7324928744782415,1.800952159768954
2026-06-04,471672.21,380962.13,0.0015,152,,1.7324928744782415,1.800952159768954
2026-06-05,470655.51,382099.29,-0.0022,152,,1.7324928744782415,1.800952159768954
2026-06-08,470463.36,381089.4,-0.0026,152,,1.7324928744782415,1.800952159768954
2026-06-09,471187.51,380807.59,-0.001,152,,1.7324928744782415,1.800952159768954
2026-06-10,470218.12,381696.72,-0.0031,152,,1.7324928744782415,1.800952159768954
2026-06-11,471862.98,380406.36,0.0004,152,,1.7324928744782415,1.800952159768954
2026-06-12,472755.52,381941.59,0.0019,152,,1.7324928744782415,1.800952159768954
2026-06-15,473193.01,382658.21,0.0009,152,,1.7324928744782415,1.800952159768954
2026-06-16,473042.44,383133.51,-0.0003,152,,1.7324928744782415,1.800952159768954
2026-06-17,471775.12,383244.63,-0.003,152,,1.7324928744782415,1.800952159768954
2026-06-18,472229.58,381885.94,-0.002,152,,1.7324928744782415,1.800952159768954
2026-06-19,405854.72,394987.64,-0.1423,152,,1.7324928744782415,1.800952159768954
2026-06-22,472468.36,384239.2,-0.0015,152,,1.7324928744782415,1.800952159768954
2026-06-23,584727.43,478395.75,0.2357,152,,1.7324928744782415,1.800952159768954
2026-06-24,590806.96,477332.85,0.0104,152,,1.7324928744782415,1.800952159768954
2026-06-25,591955.05,478121.54,0.0019,152,,1.7324928744782415,1.800952159768954
2026-06-26,592615.88,479149.09,0.0011,152,,1.7324928744782415,1.800952159768954
2026-06-29,593319.7,479749.63,0.0012,152,,1.7324928744782415,1.800952159768954
2026-06-30,593146.14,480449.9,-0.0003,152,,1.7324928744782415,1.800952159768954
2026-07-01,593847.18,480102.56,0.0009,152,,1.7324928744782415,1.800952159768954
2026-07-02,594452.82,480726.24,0.001,152,,1.7324928744782415,1.800952159768954
2026-07-03,510124.43,497266.28,-0.1419,152,,1.7324928744782415,1.800952159768954
2026-07-06,594680.07,482670.68,0.0004,152,,1.7324928744782415,1.800952159768954
2026-07-07,735217.74,597533.86,0.2363,152,,1.7324928744782415,1.800952159768954
2026-07-08,736225.22,597153.48,0.0014,152,,1.7324928744782415,1.800952159768954
2026-07-09,737635.65,595832.79,0.0019,152,,1.7324928744782415,1.800952159768954
2026-07-10,738141.65,597131.77,0.0007,152,,1.7324928744782415,1.800952159768954
2026-07-13,738168.35,597640.46,0.0,152,,1.7324928744782415,1.800952159768954
2026-07-14,738014.7,597686.65,-0.0002,152,,1.7324928744782415,1.800952159768954
2026-07-15,737626.16,597646.35,-0.0007,152,,1.7324928744782415,1.800952159768954
2026-07-16,738727.8,597043.66,0.0008,152,,1.7324928744782415,1.800952159768954
2026-07-17,738448.82,598104.76,-0.0004,152,,1.7324928744782415,1.800952159768954
2026-07-20,737882.63,598007.05,-0.0011,152,,1.7324928744782415,1.800952159768954
2026-07-21,738993.49,597218.36,0.0004,152,,1.7324928744782415,1.800952159768954
2026-07-22,738615.42,598396.65,-0.0005,152,,1.7324928744782415,1.800952159768954
2026-07-23,738283.49,598067.83,-0.001,152,,1.7324928744782415,1.800952159768954
2026-07-24,739416.96,597529.28,0.0006,152,,1.7324928744782415,1.800952159768954
2026-07-27,740917.7,598408.14,0.002,152,,1.7324928744782415,1.800952159768954
2026-07-28,743185.93,599382.36,0.0031,152,,1.7324928744782415,1.800952159768954
2026-07-29,742211.95,601812.88,-0.0013,152,,1.7324928744782415,1.800952159768954
2026-07-30,743173.97,600690.21,-0.0,152,,1.7324928744782415,1.800952159768954
2026-07-31,743380.34,601785.02,0.0003,152,,1.7324928744782415,1.800952159768954
2026-08-03,743679.31,601832.46,0.0004,152,,1.7324928744782415,1.800952159768954
