date,close,rsi14,macd,macd_signal,macd_hist,bb_upper,bb_lower,bb_pct,sma20,sma50,sma_cross,above_sma20,above_sma50,ticker
2026-08-03,139.04,59.6,2.420656,2.244575,0.176081,142.5185,128.4155,0.753,135.467,132.0567,0,True,True,A
2026-08-03,306.515,41.93,4.783413,7.56531,-2.781898,345.1238,302.9957,0.084,324.0598,309.5847,0,False,False,AAPL
2026-08-03,245.25,49.93,7.073599,8.843124,-1.769525,264.7469,240.9163,0.182,252.8316,232.1402,0,False,True,ABBV
2026-08-03,151.365,59.42,2.388188,1.863694,0.524494,155.481,138.3185,0.76,146.8998,141.5087,0,True,True,ABNB
2026-08-03,106.78,68.81,4.056346,3.46132,0.595026,111.7355,87.1436,0.798,99.4396,93.2115,0,True,True,ABT
2026-08-03,100.62,50.96,1.364726,1.740186,-0.37546,105.5627,97.8183,0.362,101.6905,96.5754,0,False,True,ACGL
2026-08-03,166.24,62.58,5.245968,1.494286,3.751682,172.1406,122.5926,0.881,147.3666,152.9122,0,True,True,ACN
2026-08-03,254.17,61.33,7.839646,4.545681,3.293965,260.6115,205.1545,0.884,232.883,228.3518,0,True,True,ADBE
2026-08-03,359.29,39.44,-9.626885,-8.390542,-1.236343,401.4231,354.3619,0.105,377.8925,396.6595,0,False,False,ADI
2026-08-03,78.125,38.59,0.324395,1.172696,-0.8483,88.3621,76.5994,0.13,82.4807,80.1981,0,False,False,ADM
2026-08-03,270.57,67.17,9.444657,8.135911,1.308746,273.1907,232.6023,0.935,252.8965,235.9666,0,True,True,ADP
2026-08-03,236.62,62.45,6.822202,3.596457,3.225745,243.8696,192.1074,0.86,217.9885,215.7454,0,True,True,ADSK
2026-08-03,109.18,43.47,-0.431817,0.042523,-0.474339,115.1376,108.4914,0.104,111.8145,110.7184,0,False,False,AEE
2026-08-03,127.99,48.9,0.605704,1.47121,-0.865506,138.5692,127.0048,0.085,132.787,127.8473,0,False,True,AEP
2026-08-03,14.695,66.31,0.050587,0.050086,0.000502,14.7527,14.4883,0.782,14.6205,14.5421,0,True,True,AES
2026-08-03,127.01,54.95,3.224613,3.120375,0.104237,129.6041,119.2709,0.749,124.4375,117.7951,0,True,True,AFL
2026-08-03,78.555,50.49,0.570928,0.773455,-0.202527,81.3499,77.1396,0.336,79.2448,76.8241,0,False,True,AIG
2026-08-03,282.13,62.93,3.999571,4.292364,-0.292793,283.8293,272.0927,0.855,277.961,266.5288,0,True,True,AIZ
2026-08-03,247.975,51.35,5.976145,7.495703,-1.519558,266.7186,239.9399,0.3,253.3292,231.2636,0,False,True,AJG
2026-08-03,117.52,47.41,-3.077536,-3.017391,-0.060145,131.5818,107.4662,0.417,119.524,128.0826,0,False,False,AKAM
2026-08-03,118.46,36.27,-7.649575,-9.068157,1.418582,131.6115,109.9385,0.393,120.775,142.5715,0,False,False,ALB
2026-08-03,172.96,48.45,-0.947396,-0.451407,-0.495988,185.4784,165.7746,0.365,175.6265,173.9436,0,False,False,ALGN
2026-08-03,263.5,54.71,11.362711,11.231786,0.130924,273.8178,237.5572,0.715,255.6875,229.5647,0,True,True,ALL
2026-08-03,160.14,72.35,6.377268,4.789567,1.5877,166.1818,124.5352,0.855,145.3585,137.8774,0,True,True,ALLE
2026-08-03,513.055,48.9,-11.110972,-3.538819,-7.572153,626.9838,458.2947,0.325,542.6392,530.9368,0,False,False,AMAT
2026-08-03,45.49,59.37,0.982027,0.947519,0.034507,46.5946,41.4064,0.787,44.0005,41.776,0,True,True,AMCR
2026-08-03,480.2628,48.52,-5.038691,2.381009,-7.4197,580.8026,442.1367,0.275,511.4696,500.797,0,False,False,AMD
2026-08-03,241.53,56.96,2.057523,1.869412,0.188111,244.7964,229.2146,0.79,237.0055,233.2812,0,True,True,AME
2026-08-03,377.8,57.16,7.954449,7.220731,0.733718,392.3879,350.2712,0.654,371.3295,356.6638,0,True,True,AMGN
2026-08-03,546.14,69.97,17.197325,16.959958,0.237367,557.7626,494.4684,0.816,526.1155,485.3684,0,True,True,AMP
2026-08-03,173.16,53.01,-0.000221,-1.340687,1.340466,176.7231,160.8899,0.775,168.8065,175.6272,0,True,False,AMT
2026-08-03,285.22,72.59,2.831328,-0.902213,3.733541,273.4127,218.4093,1.215,245.911,247.0332,0,True,True,AMZN
2026-08-03,69.76,41.91,-0.015333,0.902859,-0.918192,81.4375,67.1505,0.183,74.294,72.0869,0,False,False,ANDE
2026-08-03,181.84,57.71,1.974903,1.919837,0.055066,189.1163,160.1857,0.748,174.651,167.4088,0,True,True,ANET
2026-08-03,357.2,50.86,6.821354,8.281401,-1.460047,377.3687,347.5273,0.324,362.448,341.3222,0,False,True,AON
2026-08-03,60.4,51.24,0.317288,0.302469,0.014819,62.6698,57.3186,0.576,59.9942,59.1321,0,True,True,AOS
2026-08-03,36.975,59.26,0.578767,0.272414,0.306353,37.6416,32.6047,0.868,35.1232,35.2076,0,True,True,APA
2026-08-03,290.648,46.56,0.998339,1.899127,-0.900789,303.461,289.8148,0.061,296.6379,288.5214,0,False,True,APD
2026-08-03,161.245,55.74,0.099362,-0.240097,0.339459,165.3187,146.1817,0.787,155.7502,154.5938,0,True,True,APH
2026-08-03,128.085,59.6,0.029688,-0.980459,1.010147,126.6636,115.5329,1.128,121.0982,125.3265,0,True,True,APO
2026-08-03,407.9,39.99,-25.524695,-24.266674,-1.258022,528.4738,349.1102,0.328,438.792,489.1326,0,False,False,APP
2026-08-03,56.4,41.14,-1.140702,-1.186937,0.046235,60.5833,55.6867,0.146,58.135,61.8802,0,False,False,APTV
2026-08-03,52.68,57.01,0.6705,0.405916,0.264584,54.1213,46.4407,0.812,50.281,50.631,0,True,True,ARE
2026-08-03,134.635,65.95,2.060036,1.023138,1.036898,131.6948,115.8387,1.185,123.7667,123.5917,1,True,True,ARES
2026-08-03,73.395,46.86,-1.546909,-1.119639,-0.42727,83.144,68.8405,0.318,75.9922,76.977,0,False,False,ARKK
2026-08-03,20.09,47.54,-0.862284,-0.825054,-0.037231,21.7285,19.6455,0.213,20.687,22.597,0,False,False,ASIX
2026-08-03,63.4,47.98,-5.12036,-5.890219,0.769859,77.0261,48.8399,0.517,62.933,79.3335,0,True,False,ASTS
2026-08-03,172.68,42.72,0.100753,0.779696,-0.678943,181.0589,172.6751,0.001,176.867,173.6806,0,False,False,ATO
2026-08-03,187.175,46.86,0.177141,1.039794,-0.862653,196.0029,185.4516,0.163,190.7272,186.9504,0,False,True,AVB
2026-08-03,388.595,51.19,-1.131733,-2.215948,1.084215,404.044,366.8855,0.584,385.4647,394.4626,0,True,False,AVGO
2026-08-03,169.77,58.66,2.425161,1.090556,1.334606,173.0171,151.0079,0.852,162.0125,160.5036,0,True,True,AVY
2026-08-03,132.445,48.89,1.476885,1.687802,-0.210918,138.4411,128.7474,0.381,133.5943,129.4055,0,False,True,AWK
2026-08-03,563.87,59.64,8.68185,9.936876,-1.255027,614.2126,467.9014,0.656,541.057,495.7492,0,True,True,AXON
2026-08-03,342.37,51.44,-0.292466,1.713436,-2.005903,364.947,325.678,0.425,345.3125,333.6996,0,False,True,AXP
2026-08-03,3000.0649,45.92,-20.024363,-25.662831,5.638468,3143.0097,2920.7817,0.357,3031.8957,3073.9131,0,False,False,AZO
2026-08-03,227.73,54.4,2.328674,1.016925,1.311749,230.8327,202.6323,0.89,216.7325,213.3455,0,True,True,BA
2026-08-03,61.84,52.88,0.824751,0.959528,-0.134777,63.2433,58.7047,0.691,60.974,58.5015,0,True,True,BAC
2026-08-03,64.93,61.71,1.475398,1.377735,0.097663,66.7914,59.1906,0.755,62.991,59.6496,0,True,True,BALL
2026-08-03,27.995,76.18,1.379035,0.912706,0.46633,26.8985,19.689,1.152,23.2937,21.4251,0,True,True,BAX
2026-08-03,13.58,52.89,0.354292,0.439826,-0.085535,14.6001,12.9329,0.388,13.7665,12.1526,0,False,True,BAYRY
2026-08-03,84.04,52.96,2.848362,3.324303,-0.475941,91.2748,78.2062,0.446,84.7405,77.8711,0,False,True,BBY
2026-08-03,168.785,67.02,4.206003,3.031295,1.174708,169.8568,145.2867,0.956,157.5717,151.839,0,True,True,BDX
2026-08-03,35.265,57.36,0.109019,-0.035829,0.144848,34.7191,31.6664,1.179,33.1928,33.0239,1,True,True,BEN
2026-07-31,28.73,62.25,0.617202,0.251052,0.36615,29.2789,23.8271,0.899,26.553,26.3739,0,True,True,BF.B
2026-08-03,105.37,33.69,-2.128893,-0.669062,-1.459831,126.8461,103.9419,0.062,115.394,117.526,0,False,False,BG
2026-08-03,200.79,48.27,0.656276,0.788625,-0.132349,211.5548,193.2012,0.413,202.378,200.78,0,False,True,BIIB
2026-08-03,193.16,60.26,5.137212,3.932395,1.204817,200.2467,166.1123,0.792,183.1795,175.5648,0,True,True,BKNG
2026-08-03,60.41,58.25,0.316478,-0.332271,0.64875,61.0756,54.1274,0.904,57.6015,59.655,0,True,True,BKR
2026-08-03,23.779,47.12,-2.065776,-2.51502,0.449245,26.8171,19.9658,0.557,23.3914,30.2905,0,True,False,BKSY
2026-08-03,71.05,45.12,-2.695538,-2.257566,-0.437972,79.6281,65.8289,0.378,72.7285,76.5064,0,False,False,BLDR
2026-08-03,1108.39,54.6,36.596652,32.182574,4.414078,1123.6809,990.6241,0.885,1057.1525,993.6046,0,True,True,BLK
2026-08-03,64.62,66.57,2.004925,1.612425,0.3925,66.046,55.633,0.863,60.8395,57.8494,0,True,True,BMY
2026-08-03,154.33,52.64,2.482141,3.321604,-0.839463,162.6668,148.6726,0.404,155.6697,147.8184,0,False,True,BNY
2026-08-03,157.73,61.31,2.896341,1.949834,0.946508,159.5727,141.1233,0.9,150.348,147.0104,0,True,True,BR
2026-07-31,511.54,65.98,4.327043,2.494655,1.832388,513.8187,481.2663,0.93,497.5425,491.3774,0,True,True,BRK.B
2026-08-03,71.6,59.53,2.072435,1.999907,0.072529,73.8764,64.3236,0.762,69.1,63.6784,0,True,True,BRO
2026-08-03,48.165,64.38,0.105838,-0.541307,0.647145,47.5692,41.9413,1.106,44.7553,46.4417,0,True,True,BSX
2026-08-03,131.01,54.71,3.701704,3.50576,0.195943,134.3076,117.9014,0.799,126.1045,119.011,0,True,True,BX
2026-08-03,70.79,59.27,1.478801,1.448291,0.03051,72.3901,65.4709,0.769,68.9305,65.6978,0,True,True,BXP
2026-08-03,131.76,49.56,-0.414798,-0.208229,-0.206569,141.8211,125.7359,0.375,133.7785,133.087,0,False,False,C
2026-08-03,14.72,49.36,-0.161948,-0.196719,0.034771,15.5058,13.2375,0.654,14.3717,14.8369,0,True,False,CAG
2026-08-03,232.24,56.05,1.332634,1.748164,-0.41553,239.1035,220.9055,0.623,230.0045,222.0977,0,True,True,CAH
2026-08-03,62.59,38.87,-1.779216,-0.998314,-0.780902,72.8051,60.5196,0.169,66.6623,67.9618,0,False,False,CARR
2026-08-03,859.075,54.4,12.347496,11.571363,0.776133,891.584,805.3908,0.623,848.4874,824.0703,0,True,True,CASY
2026-08-03,824.2041,47.58,-17.784241,-8.358191,-9.42605,982.1358,785.0648,0.199,883.6003,885.5346,-1,False,False,CAT
2026-08-03,347.39,51.12,8.78727,10.180308,-1.393038,365.5581,338.4789,0.329,352.0185,326.818,0,False,True,CB
2026-08-03,293.79,55.39,7.160593,3.691085,3.469508,309.4954,254.4056,0.715,281.9505,282.9026,0,True,True,CBOE
2026-08-03,145.965,58.3,2.748295,2.074694,0.673601,150.3212,132.8203,0.751,141.5708,136.0951,0,True,True,CBRE
2026-08-03,77.46,47.09,-1.480062,-1.86149,0.381427,80.8701,73.8609,0.513,77.3655,82.7323,0,True,False,CCI
2026-08-03,28.4155,58.34,0.071733,-0.181905,0.253638,28.4787,25.1108,0.981,26.7948,27.6641,0,True,True,CCL
2026-08-03,337.98,42.08,-10.280657,-9.799519,-0.481138,393.982,309.159,0.34,351.5705,371.069,0,False,False,CDNS
2026-08-03,148.945,65.18,3.737734,2.387886,1.349848,151.9182,125.0413,0.889,138.4798,132.9673,0,True,True,CDW
2026-08-03,272.64,57.85,1.799168,0.524656,1.274512,279.7927,239.1988,0.824,259.4958,263.0317,0,True,True,CEG
2026-08-03,119.73,49.24,2.188169,2.369321,-0.181152,129.5946,113.1364,0.401,121.3655,116.0863,0,False,True,CF
2026-08-03,72.14,56.51,0.950857,1.102237,-0.15138,73.6059,68.5729,0.709,71.0894,68.1622,0,True,True,CFG
2026-08-03,100.18,57.23,0.617082,0.401471,0.215611,100.6682,94.7028,0.918,97.6855,97.1676,0,True,True,CHD
2026-08-03,146.18,25.51,-8.941399,-2.11085,-6.830549,229.3078,145.4912,0.008,187.3995,185.1144,0,False,False,CHRW
2026-08-03,143.485,57.74,1.148478,-1.086297,2.234775,146.5823,120.9262,0.879,133.7542,136.2315,0,True,True,CHTR
2026-08-03,280.19,44.0,-0.133406,1.055003,-1.188409,305.0332,275.2798,0.165,290.1565,286.1372,0,False,False,CI
2026-08-03,382.575,43.75,-25.554812,-25.876627,0.321815,474.1201,328.8784,0.37,401.4992,460.0653,0,False,False,CIEN
2026-08-03,177.145,47.96,0.713638,1.636823,-0.923185,187.3009,172.4576,0.316,179.8792,174.0527,0,False,True,CINF
2026-08-03,90.93,48.19,0.035191,0.18425,-0.149059,94.1801,89.4444,0.314,91.8123,90.9804,0,False,False,CL
2026-08-03,97.93,53.57,0.538549,0.463772,0.074777,100.1225,92.6145,0.708,96.3685,95.5092,0,True,True,CLX
2026-08-03,24.54,56.93,0.101322,-0.039907,0.14123,24.8923,22.2237,0.868,23.558,23.5964,0,True,True,CMCSA
2026-08-03,264.66,62.73,4.729726,1.695345,3.034381,270.4387,230.6453,0.855,250.542,251.9747,0,True,True,CME
2026-08-03,37.155,62.07,0.81952,0.449118,0.370402,38.2278,30.7977,0.856,34.5128,32.8835,0,True,True,CMG
2026-08-03,644.76,46.38,-10.597239,-8.425957,-2.171281,689.8192,619.4558,0.36,654.6375,668.194,0,False,False,CMI
2026-08-03,71.86,37.76,-0.596029,-0.299287,-0.296742,76.9689,71.4131,0.08,74.191,74.0978,0,False,False,CMS
2026-08-03,62.76,46.02,-0.444835,0.214923,-0.659758,69.8467,60.5743,0.236,65.2105,63.7054,0,False,False,CNC
2026-08-03,41.93,39.28,-0.22829,0.000523,-0.228813,44.994,41.787,0.045,43.3905,43.158,0,False,False,CNP
2026-08-03,216.2,63.55,3.523716,3.114475,0.409241,216.6281,194.8009,0.98,205.7145,197.6362,0,True,True,COF
2026-08-03,285.79,46.15,-24.827037,-24.304049,-0.522989,348.8628,231.1242,0.464,289.9935,345.9646,0,False,False,COHR
2026-08-03,149.84,42.79,-2.175689,-1.086844,-1.088846,173.8683,148.2397,0.062,161.054,163.521,0,False,False,COIN
2026-08-03,73.8,62.17,1.072249,1.026437,0.045812,73.9121,68.7159,0.978,71.314,68.2924,0,True,True,COO
2026-08-03,118.855,58.14,2.041925,1.474553,0.567372,123.1909,106.6576,0.738,114.9243,113.5435,0,True,True,COP
2026-08-03,310.04,57.71,6.347058,6.616587,-0.269529,318.7554,295.8806,0.619,307.318,289.3598,0,True,True,COR
2026-08-03,949.0075,51.69,16.878181,13.496783,3.381398,973.2675,902.9806,0.655,938.1241,916.4435,0,True,True,COST
2026-08-03,383.02,60.95,9.735059,8.156309,1.57875,394.997,341.87,0.775,368.4335,356.8826,0,True,True,CPAY
2026-08-03,22.22,48.72,-0.490674,-0.481833,-0.008841,22.9992,21.3288,0.534,22.164,23.183,0,True,False,CPB
2026-08-03,29.255,51.24,-0.024615,-0.337186,0.312571,30.7566,26.0509,0.681,28.4038,29.8841,0,True,False,CPRT
2026-08-03,110.39,43.16,0.101739,0.538777,-0.437038,116.723,109.943,0.066,113.333,111.7846,0,False,False,CPT
2026-08-03,96.815,38.96,-2.484068,-1.99878,-0.485288,107.928,94.9475,0.144,101.4377,104.7909,0,False,False,CRH
2026-08-03,229.51,56.69,6.690159,7.75032,-1.060161,239.9597,217.2583,0.54,228.609,205.9902,0,True,True,CRL
2026-08-03,188.665,62.5,4.49935,2.049308,2.450042,189.4915,154.055,0.977,171.7733,171.0634,1,True,True,CRM
2026-08-03,198.57,55.15,3.908315,4.981805,-1.07349,210.6703,173.7567,0.672,192.2135,178.0243,0,True,True,CRWD
2026-08-03,115.435,51.88,0.816967,0.582358,0.234608,120.2351,108.2224,0.6,114.2287,114.8128,-1,True,True,CSCO
2026-08-03,29.91,51.76,-0.308438,-0.5631,0.254662,30.8973,27.1037,0.74,29.0005,30.6242,0,True,False,CSGP
2026-08-03,49.77,50.41,0.746524,0.983129,-0.236605,52.7272,47.9028,0.387,50.315,48.1963,0,False,True,CSX
2026-08-03,205.095,60.9,8.133066,8.145485,-0.012419,223.0307,173.1828,0.64,198.1067,183.6125,0,True,True,CTAS
2026-08-03,55.26,69.56,2.300567,0.728645,1.571923,56.0458,36.9332,0.959,46.4895,47.6528,0,True,True,CTSH
2026-08-03,76.97,36.9,0.447791,1.650194,-1.202403,92.8823,79.4367,-0.183,86.1595,81.6774,0,False,False,CTVA
2026-08-03,64.23,47.87,-1.123483,-0.995868,-0.127615,71.5966,59.2374,0.404,65.417,66.6908,0,False,False,CVNA
2026-08-03,104.775,51.16,1.404368,2.080509,-0.676142,109.7593,101.9963,0.358,105.8778,100.8178,0,False,True,CVS
2026-08-03,194.475,55.03,6.518699,5.818072,0.700627,201.5087,171.8168,0.763,186.6628,177.0587,0,True,True,CVX
2026-08-03,740.0,51.59,5.288127,6.347803,-1.059676,779.6426,690.9014,0.553,735.272,717.1632,0,True,True,CW
2026-08-03,68.69,44.43,0.300124,0.67135,-0.371226,72.0084,68.7826,-0.029,70.3955,68.6392,0,False,True,D
2026-08-03,90.8299,59.89,0.855087,0.623295,0.231792,90.7919,82.1357,1.004,86.4638,84.9376,0,True,True,DAL
2026-08-03,202.64,63.83,4.946393,3.867993,1.0784,204.932,172.516,0.929,188.724,175.5308,0,True,True,DASH
2026-08-03,138.85,51.76,1.510395,1.208472,0.301923,141.6434,132.3686,0.699,137.006,136.067,0,True,True,DD
2026-08-03,273.77,64.38,6.516332,6.131108,0.385224,276.7502,242.5628,0.913,259.6565,246.1052,0,True,True,DDOG
2026-08-03,611.545,52.15,13.601023,14.636218,-1.035196,632.787,570.5855,0.658,601.6862,570.4098,0,True,True,DE
2026-08-03,98.695,43.48,-1.791578,-1.376265,-0.415314,110.9416,94.8129,0.241,102.8773,105.9853,0,False,False,DECK
2026-08-03,421.61,53.17,2.869119,6.241164,-3.372046,464.2119,369.555,0.55,416.8834,402.0334,0,True,True,DELL
2026-08-03,127.01,55.69,3.956348,3.642432,0.313916,131.4751,112.7909,0.761,122.133,113.5411,0,True,True,DG
2026-08-03,232.975,71.85,8.159208,6.468522,1.690686,242.8769,192.5036,0.803,217.6903,207.1997,0,True,True,DGX
2026-08-03,144.8,43.73,-2.147121,-1.8259,-0.321222,155.657,140.206,0.297,147.9315,150.98,0,False,False,DHI
2026-08-03,198.1601,55.33,1.98671,2.244319,-0.257609,209.259,182.085,0.592,195.672,188.0368,0,True,True,DHR
2026-08-03,97.38,50.2,-0.475732,-0.715179,0.239447,99.5756,93.6464,0.63,96.611,98.6175,0,True,False,DIS
2026-08-03,191.225,56.28,2.327509,0.810185,1.517324,199.0309,165.7656,0.765,182.3983,184.8084,0,True,True,DLR
2026-08-03,129.51,61.07,2.911594,2.993267,-0.081673,131.4056,118.9304,0.848,125.168,117.282,0,True,True,DLTR
2026-08-03,21.705,49.94,0.348946,0.486375,-0.137429,22.851,21.2333,0.292,22.0421,20.9094,0,False,True,DOC
2026-08-03,204.29,43.8,-3.860141,-3.391068,-0.469072,221.0036,197.0224,0.303,209.013,214.2296,0,False,False,DOV
2026-08-03,30.405,49.33,-0.511074,-0.707423,0.196349,31.4308,28.2157,0.681,29.8233,31.8536,0,True,False,DOW
2026-08-03,362.285,67.99,12.331408,8.490252,3.841156,366.8468,287.7117,0.942,327.2793,314.9519,0,True,True,DPZ
2026-08-03,205.06,54.02,0.959128,-0.103535,1.062663,210.8963,189.7663,0.724,200.3313,202.3028,0,True,True,DRI
2026-08-03,141.51,36.93,-1.513812,-0.587593,-0.926219,154.0888,140.6672,0.063,147.378,146.7876,0,False,False,DTE
2026-08-03,124.41,49.82,1.692584,2.078102,-0.385518,130.4732,123.2458,0.161,126.8595,122.2713,0,False,True,DUK
2026-08-03,239.0,64.38,6.142943,6.960053,-0.81711,241.8573,228.7167,0.783,235.287,217.7066,0,True,True,DVA
2026-08-03,44.315,50.36,0.017766,-0.120295,0.138061,45.6633,41.7242,0.658,43.6938,44.2264,0,True,True,DVN
2026-08-03,161.66,52.36,3.098653,3.368932,-0.270279,164.9236,157.5154,0.559,161.2195,153.9583,0,True,True,DVY
2026-08-03,86.41,71.78,2.161678,1.124138,1.03754,82.8647,67.6443,1.233,75.2545,73.4322,0,True,True,DXCM
2026-08-03,209.94,79.58,1.354577,1.360906,-0.006329,211.1661,205.0229,0.8,208.0945,205.1068,0,True,True,EA
2026-08-03,108.87,43.29,0.360334,0.663222,-0.302888,118.5326,108.1774,0.067,113.355,111.399,0,False,False,EBAY
2026-08-03,83.96,32.21,-5.72325,-5.745151,0.021901,100.7673,81.5437,0.126,91.1555,105.0526,0,False,False,ECHO
2026-08-03,277.485,54.93,2.052656,1.458085,0.594571,285.3553,261.5432,0.669,273.4492,268.7726,0,True,True,ECL
2026-08-03,108.15,41.32,0.007841,0.543204,-0.535363,114.1008,108.5452,-0.071,111.323,109.2528,0,False,False,ED
2026-08-03,175.005,52.17,3.008049,3.082685,-0.074636,186.3538,161.7007,0.54,174.0272,167.8077,0,True,True,EFX
2026-08-03,372.06,50.24,6.671469,8.490746,-1.819277,394.5563,360.3517,0.342,377.454,355.4542,0,False,True,EG
2026-08-03,71.945,36.72,0.642137,1.435522,-0.793385,81.6731,72.4834,-0.059,77.0782,73.7261,0,False,False,EIX
2026-08-03,83.94,52.85,0.242394,-0.057656,0.300051,85.5711,79.8119,0.717,82.6915,83.9314,0,True,True,EL
2026-08-03,377.58,43.27,-6.026608,-4.240055,-1.786552,432.0176,353.1264,0.31,392.572,395.8269,0,False,False,ELV
2026-08-03,808.915,55.81,-9.637936,-17.973573,8.335638,823.361,697.3238,0.885,760.3424,801.4942,0,True,True,EME
2026-08-03,152.05,63.18,2.55523,1.319928,1.235302,153.9087,130.3983,0.921,142.1535,142.278,0,True,True,EMR
2026-08-03,38.46,42.56,-2.922775,-3.012218,0.089443,46.6529,34.1301,0.346,40.3915,49.2604,0,False,False,ENPH
2026-08-03,146.16,60.05,3.178266,2.564346,0.61392,150.4178,130.7638,0.783,140.5908,136.6795,0,True,True,EOG
2026-08-03,1025.49,47.18,-5.78202,-6.513193,0.731173,1065.5774,995.7706,0.426,1030.674,1053.4844,0,False,False,EQIX
2026-08-03,67.05,46.36,0.00391,0.323062,-0.319153,70.2772,66.4488,0.157,68.363,67.1165,0,False,False,EQR
2026-08-03,53.329,57.3,0.238086,-0.156474,0.39456,54.6986,47.7513,0.803,51.2249,52.4382,0,True,True,EQT
2026-08-03,244.36,56.13,1.987621,0.316366,1.671255,263.66,204.89,0.672,234.275,228.9457,0,True,True,ERIE
2026-08-03,71.845,43.07,0.317945,0.782101,-0.464156,76.1798,72.1657,-0.08,74.1728,71.7873,0,False,True,ES
2026-08-03,284.7,44.09,0.354947,2.261043,-1.906096,301.7831,283.5759,0.062,292.6795,285.3743,0,False,False,ESS
2026-08-03,430.31,58.52,-0.486935,-2.013989,1.527053,430.184,374.365,1.002,402.2745,404.4442,0,True,True,ETN
2026-08-03,108.38,37.85,-1.127645,-0.272593,-0.855052,118.6265,107.3505,0.091,112.9885,112.1502,0,False,False,ETR
2026-08-03,83.14,40.23,-0.30154,0.172641,-0.474182,88.0382,82.9478,0.038,85.493,84.5183,0,False,False,EVRG
2026-08-03,88.645,55.35,-0.705847,-0.799451,0.093604,94.8548,80.0657,0.58,87.4602,87.7041,-1,True,True,EW
2026-08-03,45.585,43.26,-0.052625,0.112389,-0.165014,47.9808,45.2857,0.111,46.6332,46.1841,0,False,False,EXC
2026-08-03,94.65,61.94,0.880857,0.200899,0.679958,94.848,85.079,0.98,89.9635,90.2728,0,True,True,EXE
2026-08-03,167.39,43.87,0.802157,2.473119,-1.670962,184.2511,162.6469,0.22,173.449,166.4979,0,False,True,EXPD
2026-08-03,299.84,67.81,11.634667,9.111395,2.523272,303.5858,244.6262,0.936,274.106,252.372,0,True,True,EXPE
2026-08-03,149.17,54.18,1.056722,0.896612,0.160111,152.5262,141.6828,0.69,147.1045,145.9613,0,True,True,EXR
2026-08-03,14.46,51.69,0.184687,0.127716,0.056971,15.2045,13.3135,0.606,14.259,14.5548,0,True,False,F
2026-08-03,198.54,53.04,5.778701,5.375979,0.402723,209.3557,179.1583,0.642,194.257,185.6927,0,True,True,FANG
2026-08-03,47.805,57.83,0.410474,0.227117,0.183357,48.5062,44.1893,0.838,46.3477,46.0165,0,True,True,FAST
2026-08-03,62.859,51.82,-0.042903,-0.355719,0.312817,65.278,57.0785,0.705,61.1783,63.5175,0,True,False,FCX
2026-08-03,268.67,57.39,7.640908,6.80365,0.837259,281.0784,234.4786,0.734,257.7785,245.9277,0,True,True,FDS
2026-08-03,306.91,42.57,-2.550101,-1.999433,-0.550668,320.0468,304.7612,0.141,312.404,319.864,0,False,False,FDX
2026-08-03,48.51,50.41,0.348388,0.482775,-0.134387,49.9756,47.5524,0.395,48.764,47.5638,0,False,True,FE
2026-08-03,405.36,51.52,-0.924645,1.037353,-1.961998,436.8482,381.1278,0.435,408.988,401.475,0,False,True,FFIV
2026-08-03,1045.5699,35.08,-10.612126,10.698901,-21.311027,1383.76,1090.61,-0.154,1237.185,1214.2726,0,False,False,FICO
2026-08-03,45.265,60.91,1.210293,0.787921,0.422372,46.4872,38.7173,0.843,42.6023,41.1013,0,True,True,FIS
2026-08-03,54.46,58.22,0.714305,0.208345,0.505961,55.3555,48.3405,0.872,51.848,52.1678,0,True,True,FISV
2026-08-03,56.665,51.71,0.757858,1.098969,-0.341111,58.8096,55.7159,0.307,57.2627,54.1097,0,False,True,FITB
2026-08-03,1745.36,49.59,-36.524931,-39.116939,2.592008,1853.8623,1585.6847,0.595,1719.7735,1815.8608,0,True,False,FIX
2026-08-03,115.455,41.76,-7.491111,-6.617606,-0.873505,142.2241,104.3454,0.293,123.2848,138.7571,0,False,False,FLEX
2026-08-03,10.375,46.86,-0.711478,-0.703168,-0.00831,12.0146,10.1609,0.115,11.0877,12.6479,0,False,False,FMC
2026-08-03,52.25,55.6,0.279456,-0.121587,0.401043,53.3834,47.7266,0.8,50.555,52.2909,0,True,False,FOX
2026-08-03,58.7,57.04,0.458134,-0.028915,0.487049,59.8549,52.9771,0.832,56.416,58.2098,0,True,True,FOXA
2026-08-03,123.29,48.75,0.916143,1.215696,-0.299553,128.1455,119.7965,0.418,123.971,122.2233,0,False,True,FRT
2026-08-03,235.345,58.97,-7.224565,-10.158029,2.933464,235.8052,192.8653,0.989,214.3353,245.1207,0,True,False,FSLR
2026-08-03,162.82,60.97,2.229468,2.751385,-0.521917,167.7967,148.5023,0.742,158.1495,150.3278,0,True,True,FTNT
2026-08-03,59.525,44.56,-0.315807,0.001446,-0.317253,63.9933,58.3582,0.207,61.1757,60.865,0,False,False,FTV
2026-08-03,382.485,53.4,12.469933,12.780318,-0.310386,392.2969,361.2376,0.684,376.7673,348.1995,0,True,True,GD
2026-08-03,88.94,48.14,2.034451,2.727697,-0.693246,103.4881,81.4689,0.339,92.4785,86.906,0,False,True,GDDY
2026-08-03,363.54,57.62,2.726811,2.560149,0.166661,369.94,338.4381,0.797,354.189,346.1863,0,True,True,GE
2026-08-03,69.34,60.26,1.101703,0.293286,0.808418,70.8074,58.265,0.883,64.5362,64.1155,0,True,True,GEHC
2026-08-03,28.03,64.95,0.637727,0.536587,0.10114,28.119,25.023,0.971,26.571,25.6616,0,True,True,GEN
2026-08-03,996.52,47.08,-21.232815,-13.165485,-8.067331,1131.2529,925.8301,0.344,1028.5415,1024.0889,0,False,False,GEV
2026-08-03,129.485,47.22,0.356566,0.695566,-0.339001,136.9183,127.3932,0.22,132.1558,129.4419,0,False,True,GILD
2026-08-03,35.89,48.2,-0.066604,0.141853,-0.208458,38.5476,34.8574,0.28,36.7025,35.8823,0,False,True,GIS
2026-08-03,185.295,63.89,2.615682,2.854408,-0.238726,188.2582,171.8483,0.819,180.0532,171.1017,0,True,True,GL
2026-08-03,145.48,41.9,-15.083163,-13.31043,-1.772732,203.4613,116.0877,0.336,159.7745,181.7489,0,False,False,GLW
2026-08-03,87.38,63.38,2.71608,1.661173,1.054907,91.871,70.522,0.79,81.1965,80.6917,0,True,True,GM
2026-08-03,203.15,36.48,-15.774411,-15.406568,-0.367844,244.5003,184.1437,0.315,214.322,249.0002,0,False,False,GNRC
2026-08-03,374.89,62.25,-2.398591,-5.36635,2.96776,378.9318,315.9472,0.936,347.4395,356.4539,0,True,True,GOOG
2026-08-03,376.16,55.97,1.763375,-0.968827,2.732202,381.3039,315.7741,0.922,348.539,347.138,0,True,True,GOOGL
2026-08-03,127.65,59.92,3.382704,3.784275,-0.401571,130.8099,118.2741,0.748,124.542,113.0716,0,True,True,GPC
2026-08-03,85.465,61.95,3.656535,3.315546,0.340989,89.2844,71.3811,0.787,80.3327,73.9697,0,True,True,GPN
2026-08-03,301.02,78.98,13.181787,6.752563,6.429224,298.6695,210.8825,1.027,254.776,243.9176,0,True,True,GRMN
2026-08-03,1010.95,43.78,-8.264316,1.328297,-9.592613,1141.3177,976.0503,0.211,1058.684,1049.4346,0,False,False,GS
2026-08-03,84.52,62.57,0.591363,0.103182,0.488182,82.9332,77.1848,1.276,80.059,80.236,-1,True,True,GSAT
2026-08-03,1366.26,51.32,10.615715,15.058727,-4.443012,1406.7275,1340.8385,0.386,1373.783,1334.2902,0,False,True,GWW
2026-08-03,31.835,36.52,-1.149297,-1.084671,-0.064626,36.5306,30.5779,0.211,33.5542,35.9748,0,False,False,HAL
2026-08-03,93.55,65.73,3.074212,1.830844,1.243368,99.4822,71.5908,0.787,85.5365,84.7636,0,True,True,HAS
2026-08-03,17.175,47.25,-0.051316,0.09069,-0.142007,18.6718,16.6947,0.243,17.6833,17.153,0,False,True,HBAN
2026-08-03,404.07,55.21,2.404109,-0.469024,2.873133,427.3076,355.8864,0.675,391.597,386.95,0,True,True,HCA
2026-08-03,335.72,50.01,0.00576,0.823027,-0.817267,348.2279,325.7991,0.442,337.0135,331.0482,0,False,True,HD
2026-08-03,359.345,53.65,9.736195,9.345361,0.390834,364.7232,334.1543,0.824,349.4387,330.3606,0,True,True,HEI
2026-08-03,143.05,58.87,2.358468,2.319075,0.039393,145.5492,135.3808,0.754,140.465,134.7051,0,True,True,HIG
2026-08-03,326.56,58.03,10.429149,4.299611,6.129538,323.3227,253.3053,1.046,288.314,282.0112,0,True,True,HII
2026-08-03,313.78,36.01,-3.938086,-3.192452,-0.745634,339.2298,312.4432,0.05,325.8365,332.9044,0,False,False,HLT
2026-08-03,29.645,52.81,0.542217,0.411685,0.130532,30.7523,26.6952,0.727,28.7238,28.1172,0,True,True,HMC
2026-08-03,244.68,54.24,6.951065,5.538774,1.41229,252.6554,212.9826,0.799,232.819,226.9819,0,True,True,HON
2026-08-03,91.26,42.21,-3.125569,-0.648279,-2.47729,122.1913,82.5707,0.219,102.381,96.946,0,False,False,HOOD
2026-08-03,49.175,57.44,0.68861,0.667318,0.021292,50.4564,43.3541,0.82,46.9053,46.221,0,True,True,HPE
2026-08-03,27.08,52.68,0.604478,0.34916,0.255318,28.4471,22.1599,0.783,25.3035,25.6163,0,True,True,HPQ
2026-08-03,25.14,52.68,0.329891,0.412575,-0.082684,26.1504,24.0011,0.53,25.0758,24.235,0,True,True,HRL
2026-08-03,86.91,60.01,0.966876,1.224256,-0.257381,88.3736,83.1374,0.72,85.7555,82.0684,0,True,True,HSIC
2026-08-03,25.065,62.72,0.520245,0.439616,0.080629,25.8716,22.4318,0.765,24.1517,23.6362,0,True,True,HST
2026-08-03,176.77,49.77,-0.142804,-0.915674,0.77287,182.6628,166.9792,0.624,174.821,179.3868,0,True,False,HSY
2026-08-03,468.59,43.14,-5.651446,-4.190189,-1.461256,497.5762,464.5158,0.123,481.046,487.8318,0,False,False,HUBB
2026-08-03,368.41,43.84,-0.133737,6.103019,-6.236756,418.6631,361.9449,0.114,390.304,368.5468,0,False,False,HUM
2026-08-03,284.11,57.11,3.531143,3.726955,-0.195812,290.556,265.544,0.742,278.05,269.7906,0,True,True,HWM
2026-08-03,87.04,42.54,-0.710491,0.150023,-0.860514,97.9489,86.5221,0.045,92.2355,90.3423,0,False,False,IBKR
2026-08-03,227.36,48.59,-8.40763,-9.423308,1.015678,308.6897,164.7493,0.435,236.7195,253.1081,0,False,False,IBM
2026-08-03,150.965,62.34,4.238123,2.794338,1.443785,157.0678,129.7057,0.777,143.3867,140.0633,0,True,True,ICE
2026-08-03,5.095,48.1,-1.070375,-1.133396,0.063021,5.3716,4.8109,0.507,5.0912,7.7506,0,True,False,ICL
2026-08-03,566.19,53.8,1.611816,0.592791,1.019025,579.6116,538.1924,0.676,558.902,557.3564,0,True,True,IDXX
2026-08-03,231.62,62.43,2.65689,1.937765,0.719125,232.8338,215.9632,0.928,224.3985,220.532,0,True,True,IEX
2026-08-03,79.685,56.69,0.57264,0.30722,0.26542,81.676,73.5055,0.756,77.5907,76.7561,0,True,True,IFF
2026-08-03,118.71,53.81,3.363884,3.624411,-0.260527,126.3879,110.5071,0.517,118.4475,109.566,0,True,True,INCY
2026-08-03,90.46,45.54,-6.06279,-5.261108,-0.801682,116.7475,81.0745,0.263,98.911,109.3082,0,False,False,INTC
2026-08-03,323.39,61.81,8.455635,3.520776,4.93486,329.8015,258.9985,0.909,294.4,289.9674,0,True,True,INTU
2026-08-03,30.47,58.69,0.138804,0.151769,-0.012964,30.5357,29.2443,0.949,29.89,29.5103,0,True,True,INVH
2026-08-03,41.21,58.32,1.528641,1.290167,0.238474,44.3061,33.7399,0.707,39.023,36.7877,0,True,True,IP
2026-08-03,33.22,44.21,-0.435425,-0.432641,-0.002784,35.9323,33.3497,-0.05,34.641,35.6277,0,False,False,IPI
2026-08-03,233.035,66.1,11.705351,9.467912,2.237438,244.9243,184.7512,0.802,214.8378,195.1811,0,True,True,IQV
2026-08-03,86.52,63.04,1.952505,1.803369,0.149136,88.2378,75.5992,0.864,81.9185,77.9552,0,True,True,IR
2026-08-03,48.325,49.23,-1.709506,-1.709274,-0.000232,51.4209,44.0436,0.58,47.7323,51.2533,0,True,False,IRDM
2026-08-03,124.76,51.31,0.037385,-0.028258,0.065642,129.459,116.396,0.64,122.9275,125.0133,0,True,False,IRM
2026-08-03,373.76,49.01,-13.929007,-15.764511,1.835503,432.112,312.818,0.511,372.465,397.8878,0,True,False,ISRG
2026-08-03,151.6,55.92,3.458632,1.290899,2.167733,160.6968,123.2162,0.757,141.9565,145.4348,0,True,True,IT
2026-08-03,285.71,59.53,6.234807,5.730348,0.504458,294.956,260.146,0.734,277.551,265.3494,0,True,True,ITW
2026-08-03,30.375,56.19,0.644083,0.687777,-0.043694,31.3125,27.325,0.765,29.3187,27.9654,0,True,True,IVZ
2026-08-03,105.16,51.94,1.47899,1.61992,-0.14093,107.8474,102.3376,0.512,105.0925,101.773,0,True,True,IYR
2026-08-03,138.01,62.42,2.998005,2.693262,0.304743,139.576,123.905,0.9,131.7405,126.0564,0,True,True,J
2026-08-03,269.41,40.3,-1.396819,1.302305,-2.699124,299.0533,265.2327,0.124,282.143,279.7088,0,False,False,JBHT
2026-08-03,315.69,46.0,-10.900937,-12.131013,1.230076,337.1224,293.2496,0.511,315.186,347.2228,0,True,False,JBL
2026-08-03,145.91,56.49,0.519333,0.106824,0.412509,146.6243,138.1367,0.916,142.3805,142.1721,0,True,True,JCI
2026-08-03,156.355,60.75,4.310322,4.195057,0.115265,159.517,143.2755,0.805,151.3962,140.3302,0,True,True,JKHY
2026-08-03,252.5,50.77,6.237644,7.334971,-1.097327,269.9874,244.9106,0.303,257.449,238.9649,0,False,True,JNJ
2026-08-03,352.08,53.78,11.293145,11.804295,-0.51115,360.0629,329.8091,0.736,344.936,318.175,0,True,True,JPM
2026-08-03,30.96,50.6,-0.014906,-0.068767,0.05386,32.0212,29.5218,0.575,30.7715,30.9107,0,True,True,KDP
2026-08-03,22.635,47.47,-0.05346,0.057524,-0.110984,23.9001,22.0904,0.301,22.9952,22.5323,0,False,True,KEY
2026-08-03,319.985,48.76,-5.54986,-6.170089,0.620229,333.0849,301.8556,0.581,317.4702,332.7803,0,True,False,KEYS
2026-08-03,26.165,51.68,0.409632,0.428384,-0.018752,27.2967,24.2828,0.625,25.7898,24.8853,0,True,True,KHC
2026-08-03,25.385,47.74,0.194084,0.29049,-0.096406,26.6401,24.6384,0.373,25.6393,25.0808,0,False,True,KIM
2026-08-03,103.65,61.65,1.683903,1.250108,0.433796,104.6945,92.8035,0.912,98.749,96.1448,0,True,True,KKR
2026-08-03,178.815,37.06,-13.05941,-8.397409,-4.662002,246.4944,171.8401,0.093,209.1673,221.1606,0,False,False,KLAC
2026-08-03,109.63,51.93,1.978084,2.263776,-0.285692,114.3186,105.5034,0.468,109.911,103.7578,0,False,True,KMB
2026-08-03,31.515,43.14,-0.100174,-0.00795,-0.092224,33.024,31.4715,0.028,32.2478,32.0849,0,False,False,KMI
2026-08-03,86.69,58.56,1.545963,1.113234,0.432729,89.1751,79.1979,0.751,84.1865,81.986,0,True,True,KO
2026-08-03,58.08,47.44,-0.505194,-0.706526,0.201332,60.721,56.012,0.439,58.3665,60.0724,0,False,False,KR
2026-08-03,19.26,53.65,0.205906,0.23818,-0.032273,19.8531,18.6059,0.524,19.2295,18.5674,0,True,True,KVUE
2026-08-03,116.26,55.58,1.451768,1.628923,-0.177155,119.4266,112.2784,0.557,115.8525,111.6426,0,True,True,L
2026-08-03,117.57,60.5,1.001632,-0.45979,1.461422,118.3215,101.7225,0.955,110.022,113.7147,0,True,True,LDOS
2026-08-03,84.1755,47.41,-0.936584,-1.093786,0.157201,87.1309,80.9447,0.522,84.0378,87.3712,0,True,False,LEN
2026-08-03,310.67,68.04,10.592915,8.258547,2.334367,319.0228,260.3542,0.858,289.6885,275.0868,0,True,True,LH
2026-08-03,275.2,38.91,-3.72069,-2.689169,-1.031522,308.0176,269.4934,0.148,288.7555,297.0035,0,False,False,LHX
2026-08-03,425.76,26.34,-25.958243,-10.04275,-15.915493,622.4143,418.1027,0.037,520.2585,523.4446,-1,False,False,LII
2026-08-03,476.97,29.67,-7.141913,-3.062146,-4.079766,542.5973,482.7697,-0.097,512.6835,513.6158,-1,False,False,LIN
2026-08-03,759.47,49.59,-31.736515,-31.24215,-0.494365,871.1836,621.8284,0.552,746.506,823.9756,0,True,False,LITE
2026-08-03,1112.66,48.62,21.397869,31.11348,-9.71561,1241.8265,1118.9875,-0.052,1180.407,1108.77,0,False,True,LLY
2026-08-03,580.56,55.75,24.246171,19.045302,5.200869,603.446,479.2879,0.816,541.367,510.827,0,True,True,LMT
2026-08-03,70.82,37.79,-0.815359,-0.314467,-0.500893,77.6576,70.0112,0.106,73.8344,73.4145,0,False,False,LNT
2026-08-03,209.08,47.19,-1.448237,-1.972936,0.5247,219.2945,199.5706,0.482,209.4326,213.1351,0,False,False,LOW
2026-08-03,291.4,47.57,-12.010778,-8.907697,-3.103081,365.9817,261.7423,0.285,313.862,327.6319,0,False,False,LRCX
2026-08-03,121.51,56.84,0.316016,-0.480478,0.796493,122.6298,111.6942,0.898,117.162,118.6304,0,True,True,LULU
2026-08-03,46.22,47.79,-0.52318,-0.132706,-0.390475,50.7659,43.7661,0.351,47.266,46.328,0,False,False,LUV
2026-08-03,46.86,47.52,0.109742,-0.308603,0.418345,49.3666,43.7074,0.557,46.537,48.1518,0,True,False,LVS
2026-08-03,10.15,46.79,-1.112127,-1.070666,-0.041461,12.2303,10.3047,-0.08,11.2675,13.7201,0,False,False,LXU
2026-08-03,61.76,57.4,0.397094,-0.127095,0.524189,63.7518,54.4272,0.786,59.0895,60.7894,0,True,True,LYB
2026-08-03,179.91,52.11,1.055872,1.593124,-0.537252,185.6687,174.7273,0.474,180.198,174.7876,0,False,True,LYV
2026-08-03,572.875,69.13,15.623625,13.140968,2.482658,579.3785,510.0721,0.906,544.7253,515.0953,0,True,True,MA
2026-08-03,132.905,47.27,-0.176675,-0.02723,-0.149445,138.1536,129.825,0.37,133.9893,133.8699,0,False,False,MAA
2026-08-03,346.85,32.77,-2.211562,-1.242885,-0.968678,387.9516,353.9764,-0.21,370.964,378.4618,0,False,False,MAR
2026-08-03,73.435,43.45,-0.512635,0.451496,-0.964132,82.7928,71.3787,0.18,77.0857,75.0053,0,False,False,MAS
2026-08-03,268.1199,50.72,2.515245,2.19699,0.318255,280.5947,259.8363,0.399,270.2155,264.7838,0,False,True,MCD
2026-08-03,74.57,42.12,-3.678211,-3.021301,-0.65691,91.4386,71.0314,0.173,81.235,87.4953,0,False,False,MCHP
2026-08-03,849.48,57.2,21.15898,19.477144,1.681835,889.0283,776.8207,0.648,832.9245,791.8525,0,True,True,MCK
2026-08-03,478.345,48.55,2.671707,5.889184,-3.217477,515.5079,465.1566,0.262,490.3322,468.6175,0,False,True,MCO
2026-08-03,61.72,52.71,0.637835,0.370958,0.266878,63.9821,57.3619,0.658,60.672,60.7662,0,True,True,MDLZ
2026-08-03,86.31,60.65,1.481681,1.22566,0.256021,87.6909,79.4091,0.833,83.55,80.6368,0,True,True,MDT
2026-08-03,96.03,65.18,2.39055,2.38239,0.00816,98.0398,89.5572,0.763,93.7985,88.742,0,True,True,MET
2026-08-03,594.15,47.87,-8.823506,-0.445651,-8.377855,697.5515,543.4405,0.329,620.496,601.7873,0,False,False,META
2026-08-03,44.54,38.9,-0.297966,-0.054003,-0.243963,47.617,44.53,0.003,46.0735,46.2238,-1,False,False,MGM
2026-08-03,51.47,49.74,-0.158994,0.026958,-0.185952,53.6041,49.8079,0.438,51.706,50.6335,0,False,True,MKC
2026-08-03,541.2175,42.1,-10.134957,-7.631383,-2.503574,596.6587,528.8941,0.182,562.7764,574.7441,0,False,False,MLM
2026-08-03,176.4,55.8,7.037441,6.128625,0.908816,185.2028,148.0212,0.763,166.612,157.258,0,True,True,MMM
2026-08-03,93.34,44.26,0.511433,0.926941,-0.415508,99.7886,92.8514,0.07,96.32,93.6056,0,False,False,MNST
2026-08-03,68.12,45.25,0.039251,0.660671,-0.62142,76.2638,67.8212,0.035,72.0425,70.3213,0,False,False,MO
2026-08-03,21.77,47.0,-0.015865,0.005053,-0.020919,23.5812,20.7608,0.358,22.171,22.4325,0,False,False,MOS
2026-08-03,312.38,55.78,15.464997,16.598167,-1.13317,332.6935,274.7475,0.649,303.7205,267.6912,0,True,True,MPC
2026-08-03,1341.295,48.22,-21.349526,-29.802927,8.4534,1429.7404,1245.0712,0.521,1337.4058,1440.3023,0,True,False,MPWR
2026-08-03,126.98,51.48,2.96477,3.186832,-0.222062,133.495,121.165,0.472,127.33,120.7284,0,False,True,MRK
2026-08-03,56.255,43.44,-2.019125,-0.895294,-1.123832,78.0189,46.9141,0.3,62.4665,58.5679,0,False,False,MRNA
2026-08-03,191.57,63.65,5.712191,4.827598,0.884594,195.4408,169.0644,0.853,182.2526,171.3608,0,True,True,MRSH
2026-08-03,189.59,42.39,-16.829531,-15.726386,-1.103145,246.8676,160.078,0.34,203.4728,239.4673,0,False,False,MRVL
2026-08-03,208.94,45.46,-1.454926,-0.180202,-1.274723,227.9026,202.9455,0.24,215.4241,213.4792,0,False,False,MS
2026-08-03,572.59,44.82,-6.538053,-4.206932,-2.33112,646.1753,539.2967,0.312,592.736,595.2726,0,False,False,MSCI
2026-08-03,488.08,67.49,12.86488,2.500579,10.364301,461.3142,342.5518,1.225,401.933,404.5137,0,True,True,MSFT
2026-08-03,436.43,62.98,6.058946,3.628424,2.430522,441.8449,398.0041,0.876,419.9245,412.2676,0,True,True,MSI
2026-08-03,247.185,56.0,4.037753,5.083252,-1.0455,256.3935,236.303,0.542,246.3483,233.8515,0,True,True,MTB
2026-08-03,1432.27,72.57,45.495603,37.644222,7.85138,1426.3909,1229.9941,1.03,1328.1925,1238.279,0,True,True,MTD
2026-08-03,252.91,45.19,-19.593757,-18.459569,-1.134188,325.5596,229.1534,0.246,277.3565,322.156,0,False,False,MTSI
2026-08-03,821.26,47.41,-23.565109,-10.953451,-12.611659,1044.7208,762.3062,0.209,903.5135,937.5543,0,False,False,MU
2026-08-03,19.335,48.62,-0.022227,0.061134,-0.083361,20.8291,18.1204,0.448,19.4747,19.3497,0,False,False,NCLH
2026-08-03,93.41,58.08,2.246899,1.982891,0.264007,97.6792,84.7828,0.669,91.231,88.05,0,True,True,NDAQ
2026-08-03,300.06,58.68,2.293947,1.512643,0.781304,302.3737,280.5543,0.894,291.464,290.7633,0,True,True,NDSN
2026-08-03,86.24,41.71,0.011775,0.319684,-0.307909,90.431,86.44,-0.05,88.4355,87.0903,0,False,False,NEE
2026-08-03,94.42,48.78,-1.290605,-1.877691,0.587086,97.3255,89.4265,0.632,93.376,98.5247,0,True,False,NEM
2026-08-03,72.8536,48.39,-1.289062,-1.926994,0.637932,77.3869,66.9014,0.568,72.1442,76.8063,0,True,False,NFLX
2026-08-03,44.585,39.47,-0.525933,-0.381543,-0.144391,47.4145,44.1044,0.145,45.7594,46.3455,0,False,False,NI
2026-08-03,42.235,47.69,-0.868666,-0.847335,-0.02133,44.6436,41.0509,0.33,42.8472,44.7207,0,False,False,NKE
2026-08-03,545.7072,52.78,10.301534,8.592322,1.709212,556.5864,512.8213,0.751,534.7039,516.3526,0,True,True,NOC
2026-08-03,115.43,59.97,2.151897,0.821052,1.330845,118.4237,94.0523,0.877,106.238,105.866,0,True,True,NOW
2026-08-03,139.135,53.33,-0.962666,-0.940821,-0.021845,145.9487,125.6368,0.665,135.7927,135.7175,0,True,True,NRG
2026-08-03,333.995,54.08,5.249992,6.311187,-1.061195,350.0806,317.1329,0.512,333.6067,320.0743,0,True,True,NSC
2026-08-03,182.82,67.98,5.357102,4.262909,1.094193,180.8293,156.4814,1.082,168.6554,162.4201,0,True,True,NTAP
2026-08-03,66.915,49.88,1.192341,1.135365,0.056977,70.9293,64.4532,0.38,67.6912,65.498,0,False,True,NTR
2026-08-03,180.09,50.33,1.23317,2.019947,-0.786777,189.5128,175.8462,0.311,182.6795,176.1119,0,False,True,NTRS
2026-08-03,258.49,56.28,8.764668,6.140724,2.623944,265.8432,215.2498,0.855,240.5465,237.1601,0,True,True,NUE
2026-08-03,206.995,52.51,-1.501956,-1.184595,-0.317361,216.4628,191.2747,0.624,203.8687,205.9467,0,True,True,NVDA
2026-08-03,6138.4551,41.13,-63.9825,-27.786283,-36.196217,6703.8587,6097.0467,0.068,6400.4527,6388.8215,0,False,False,NVR
2026-08-03,31.58,54.33,0.409947,0.413433,-0.003486,32.9209,29.6931,0.585,31.307,30.3308,0,True,True,NWS
2026-08-03,27.715,53.53,0.371164,0.395484,-0.02432,28.9675,26.316,0.528,27.6418,26.6857,0,True,True,NWSA
2026-08-03,220.07,26.62,-14.065521,-9.145014,-4.920507,306.2941,228.3099,-0.106,267.302,288.6889,0,False,False,NXPI
2026-08-03,63.2,50.08,0.945796,1.191017,-0.24522,66.1619,62.3658,0.22,64.2639,61.4038,0,False,True,O
2026-08-03,210.365,35.48,-2.17388,0.366924,-2.540804,242.3049,209.5786,0.024,225.9417,226.3126,0,False,False,ODFL
2026-08-03,87.96,43.79,0.090314,0.566596,-0.476282,94.5123,87.7397,0.033,91.126,89.2426,0,False,False,OKE
2026-08-03,79.465,49.84,0.932021,1.352391,-0.420371,85.0996,76.8839,0.314,80.9918,77.1152,0,False,True,OMC
2026-08-03,80.73,38.34,-5.725062,-5.522041,-0.203021,99.0252,78.5998,0.104,88.8125,104.5562,0,False,False,ON
2026-08-03,139.81,52.23,-6.461298,-9.594528,3.13323,145.9346,111.2856,0.823,128.6101,158.4358,0,True,False,ORCL
2026-08-03,89.935,54.23,0.383449,-0.077515,0.460964,91.6095,82.657,0.813,87.1333,88.2773,0,True,True,ORLY
2026-08-03,71.97,47.76,-0.081987,-0.014436,-0.067551,74.7413,70.4117,0.36,72.5765,72.01,0,False,False,OTIS
2026-08-03,55.6,52.86,0.721617,0.575686,0.145931,58.44,51.532,0.589,54.986,54.6283,1,True,True,OXY
2026-08-03,341.8401,58.71,5.841859,9.098658,-3.256799,362.1081,307.5979,0.628,334.853,307.1744,0,True,True,PANW
2026-08-03,118.18,64.67,4.403908,4.117376,0.286532,121.5511,102.5127,0.823,112.0319,103.6262,0,True,True,PAYX
2026-08-03,132.36,60.36,3.605018,3.393191,0.211827,137.8798,118.9232,0.709,128.4015,121.4794,0,True,True,PCAR
2026-08-03,17.035,44.9,0.143264,0.207808,-0.064543,18.0343,16.9112,0.11,17.4728,16.9889,0,False,True,PCG
2026-08-03,76.41,34.95,-0.767061,-0.417435,-0.349626,82.2532,76.1648,0.04,79.209,79.4435,0,False,False,PEG
2026-08-03,138.815,50.92,1.454484,0.998163,0.45632,144.6536,132.4509,0.522,138.5522,136.6928,0,True,True,PEP
2026-08-03,24.88,49.44,-0.184093,-0.293155,0.109062,25.4324,23.4387,0.723,24.4356,25.4265,0,True,False,PFE
2026-08-03,115.03,61.75,1.297999,1.135108,0.162892,116.2642,107.9278,0.852,112.096,109.0496,0,True,True,PFG
2026-08-03,144.78,49.91,0.934352,1.431589,-0.497238,151.0549,143.1732,0.204,147.1141,143.4748,0,False,True,PG
2026-08-03,210.25,45.84,-0.486648,0.282956,-0.769604,238.3982,195.7378,0.34,217.068,210.7721,0,False,False,PGR
2026-08-03,979.73,56.73,9.927663,11.15111,-1.223446,994.984,934.01,0.75,964.497,932.1014,0,True,True,PH
2026-08-03,127.685,50.29,0.782342,0.836754,-0.054413,133.4079,120.4206,0.559,126.9143,125.3168,0,True,True,PHM
2026-08-03,246.99,61.02,5.37712,4.242127,1.134993,258.1268,214.5062,0.745,236.3165,230.6856,0,True,True,PKG
2026-08-03,143.355,50.62,2.41011,2.817444,-0.407334,151.0695,139.294,0.345,145.1817,139.7716,0,False,True,PLD
2026-08-03,125.11,49.29,-0.549,0.078454,-0.627455,138.2305,119.1315,0.313,128.681,127.9768,0,False,False,PLTR
2026-08-03,189.18,51.7,5.715027,6.075761,-0.360733,202.0013,176.2927,0.501,189.147,177.1642,0,True,True,PM
2026-08-03,250.27,57.33,2.865863,3.912469,-1.046606,253.8965,246.5238,0.508,250.2102,238.4944,0,True,True,PNC
2026-08-03,66.99,46.62,-2.077748,-2.48467,0.406922,78.1406,56.5301,0.484,67.3354,71.0438,0,False,False,PNR
2026-08-03,100.549,34.34,-0.967656,-0.057344,-0.910312,111.3201,100.5408,0.001,105.9305,104.3638,0,False,False,PNW
2026-08-03,169.37,59.11,2.945377,2.562651,0.382726,170.8588,155.4092,0.904,163.134,155.5802,0,True,True,PODD
2026-08-03,112.29,43.75,-1.159366,-0.462429,-0.696937,120.7472,110.2298,0.196,115.4885,116.2016,-1,False,False,PPG
2026-08-03,35.16,41.74,-0.140837,-0.05052,-0.090316,36.623,35.107,0.035,35.865,35.7968,0,False,False,PPL
2026-08-03,123.17,69.67,3.549811,3.483294,0.066517,125.2329,111.9181,0.845,118.5755,110.9414,0,True,True,PRU
2026-08-03,325.48,54.63,1.99711,1.655124,0.341986,332.0628,309.2252,0.712,320.644,316.3853,0,True,True,PSA
2026-08-03,8.029,32.12,-0.519032,-0.47131,-0.047722,10.0673,7.3996,0.236,8.7334,9.6299,0,False,False,PSKY
2026-08-03,209.223,56.15,9.858997,10.1579,-0.298903,221.3926,183.3197,0.68,202.3562,181.4253,0,True,True,PSX
2026-08-03,141.685,69.0,2.919899,0.396121,2.523778,139.8496,111.1599,1.064,125.5048,126.8401,0,True,True,PTC
2026-08-03,673.9792,54.23,-11.458665,-16.877978,5.419313,697.2972,585.6547,0.791,641.476,680.3105,0,True,False,PWR
2026-08-03,57.53,62.45,3.040668,2.974143,0.066526,63.7185,43.3925,0.696,53.5555,47.7972,0,True,True,PYPL
2026-08-03,132.765,43.08,-5.237578,-5.002084,-0.235494,147.4059,125.5146,0.331,136.4603,147.7771,0,False,False,Q
2026-08-03,148.86,30.17,-11.528218,-9.703086,-1.825132,197.0559,145.5891,0.064,171.3225,197.2783,0,False,False,QCOM
2026-08-03,698.47,51.32,3.269471,4.566364,-1.296893,733.9807,665.6213,0.481,699.801,687.7932,0,False,True,QQQ
2026-08-03,323.63,64.92,7.249362,3.581568,3.667794,328.4939,264.8351,0.924,296.6645,294.8495,0,True,True,RCL
2026-08-03,79.585,44.39,0.286058,0.60038,-0.314323,83.1829,78.7446,0.189,80.9638,79.4388,0,False,True,REG
2026-08-03,762.1,59.35,34.349377,24.667365,9.682012,749.3633,614.4517,1.094,681.9075,623.0261,0,True,True,REGN
2026-08-03,31.215,55.6,0.390849,0.486459,-0.09561,31.9928,29.9877,0.612,30.9903,29.6333,0,True,True,RF
2026-08-03,176.49,68.64,4.600146,4.318855,0.281291,177.6437,162.8203,0.922,170.232,159.1677,0,True,True,RJF
2026-08-03,69.09,46.94,-6.658781,-7.401949,0.743168,86.1997,56.1723,0.43,71.186,91.4584,0,False,False,RKLB
2026-08-03,374.94,45.75,-2.470673,-2.114011,-0.356662,395.2403,365.7937,0.311,380.517,385.486,0,False,False,RL
2026-08-03,215.06,60.85,2.802215,1.10103,1.701184,219.367,187.148,0.866,203.2575,199.3258,0,True,True,RMD
2026-08-03,473.085,53.47,1.960739,1.196878,0.763861,477.6324,454.3721,0.804,466.0023,464.3787,0,True,True,ROK
2026-08-03,38.31,28.95,-1.966097,-1.614037,-0.352059,48.0553,36.2327,0.176,42.144,44.65,0,False,False,ROL
2026-08-03,393.09,63.24,13.027196,9.718665,3.308531,404.2188,329.1512,0.852,366.685,346.6493,0,True,True,ROP
2026-08-03,252.285,70.54,7.544647,5.277843,2.266804,260.158,209.0015,0.846,234.5798,229.9189,0,True,True,ROST
2026-08-03,210.38,42.28,-0.213325,1.162218,-1.375542,225.9771,209.9319,0.028,217.9545,212.1406,0,False,False,RSG
2026-08-03,215.84,56.8,9.682276,8.561297,1.120979,223.4977,182.8083,0.812,203.153,186.1879,0,True,True,RTX
2026-08-03,114.74,59.83,1.799853,1.830196,-0.030343,115.2038,107.4453,0.94,111.3245,106.373,0,True,True,RVTY
2026-07-28,63.2528,51.02,0.127651,0.87742,-0.749768,78.023,49.2938,0.486,63.6584,59.9209,0,False,True,SATS
2026-08-03,179.99,45.93,-2.7252,-3.494591,0.769392,191.7662,171.4168,0.421,181.5915,189.7294,0,False,False,SBAC
2026-08-03,104.1601,51.28,0.918219,1.10841,-0.190191,107.807,102.0161,0.37,104.9115,101.0249,0,False,True,SBUX
2026-08-03,33.43,48.81,-0.916228,-1.007399,0.091172,33.9774,31.8836,0.739,32.9305,35.3595,0,True,False,SCHD
2026-08-03,105.42,58.61,2.96422,3.002449,-0.038229,106.085,99.493,0.899,102.789,94.6825,0,True,True,SCHW
2026-08-03,43.71,43.7,-4.249428,-3.714997,-0.534431,59.7437,36.9263,0.297,48.335,57.1348,0,False,False,SEDG
2026-08-03,91.28,66.75,2.330532,1.75166,0.578872,92.4097,80.1373,0.908,86.2735,83.504,0,True,True,SHEL
2026-08-03,349.68,59.76,4.32911,2.453321,1.875789,355.1679,309.7201,0.879,332.444,324.0854,0,True,True,SHW
2026-08-03,118.115,54.14,2.842653,2.575884,0.266769,125.6089,105.6636,0.624,115.6362,111.7337,0,True,True,SJM
2026-08-03,49.19,50.96,0.02729,-0.351432,0.378722,51.51,44.872,0.65,48.191,50.6413,0,True,False,SLB
2026-08-03,28.44,49.72,-0.465953,-0.786915,0.320962,31.7161,23.4589,0.603,27.5875,31.8328,0,True,False,SMCI
2026-08-03,67.25,49.93,1.010703,1.452293,-0.44159,73.4644,62.6466,0.426,68.0555,64.5635,0,False,True,SMG
2026-08-03,410.52,55.62,4.536473,4.93357,-0.397097,418.3122,395.1858,0.663,406.749,393.7666,0,True,True,SNA
2026-08-03,1280.78,42.96,-154.423996,-124.509935,-29.91406,1983.0059,989.4001,0.293,1486.203,1706.98,0,False,False,SNDK
2026-08-03,389.3625,40.48,-18.695786,-19.982893,1.287108,456.0235,347.5158,0.386,401.7696,443.8996,0,False,False,SNPS
2026-08-03,93.91,50.02,1.035493,1.340434,-0.304942,97.7911,93.4999,0.096,95.6455,92.2156,0,False,True,SO
2026-08-03,87.7,66.19,2.500628,1.601253,0.899375,88.9263,71.5827,0.929,80.2545,78.6004,0,True,True,SOLV
2026-08-03,109.58,39.33,-8.923483,-7.215172,-1.708311,155.4072,97.1318,0.214,126.2695,136.0894,0,False,False,SPCX
2026-08-03,228.405,55.16,3.621501,3.938762,-0.317261,237.1456,216.1649,0.583,226.6552,218.3294,0,True,True,SPG
2026-08-03,410.735,43.91,0.775514,5.266942,-4.491428,458.3004,406.0681,0.089,432.1842,411.1604,0,False,False,SPGI
2026-08-03,76.075,51.28,0.693256,0.821133,-0.127877,77.7814,74.9328,0.401,76.3571,74.3424,0,False,True,SPLV
2026-07-28,58.8346,33.83,-1.504184,-0.862393,-0.641792,67.4642,57.5268,0.132,62.4955,63.9546,0,False,False,SPR
2026-08-03,87.87,35.56,-0.892746,-0.313057,-0.579689,96.5602,87.6468,0.025,92.1035,91.3848,0,False,False,SRE
2026-08-03,231.085,62.59,4.796693,3.012711,1.783982,234.9138,201.9717,0.884,218.4428,213.5177,0,True,True,STE
2026-08-03,254.845,54.64,6.875301,4.478125,2.397176,261.0465,218.322,0.855,239.6842,241.3759,-1,True,True,STLD
2026-08-03,51.94,40.38,-4.799299,-3.814709,-0.98459,77.0484,44.6736,0.224,60.861,67.7471,0,False,False,STM
2026-08-03,181.235,54.09,3.142201,4.130169,-0.987968,188.1221,176.5304,0.406,182.3263,171.426,0,False,True,STT
2026-08-03,823.19,47.2,-18.094653,-17.330143,-0.76451,944.8741,736.6918,0.415,840.783,891.519,0,False,False,STX
2026-08-03,131.31,46.13,-1.952027,-2.371306,0.419279,134.275,127.6311,0.554,130.9531,136.7048,0,True,False,STZ
2026-08-03,45.97,51.74,1.001652,0.940481,0.061171,50.3115,40.1495,0.573,45.2305,43.8808,0,True,True,SW
2026-08-03,96.74,64.51,2.416235,1.962461,0.453774,96.9627,83.6163,0.983,90.2895,86.1717,0,True,True,SWK
2026-08-03,60.23,43.67,-1.257672,-1.786188,0.528516,64.821,56.057,0.476,60.439,68.2765,0,False,False,SWKS
2026-08-03,77.66,55.53,1.002512,0.577226,0.425286,78.347,69.427,0.923,73.887,73.0388,0,True,True,SYF
2026-08-03,337.565,55.15,6.039702,4.943634,1.096067,352.0695,304.189,0.697,328.1293,317.0871,0,True,True,SYK
2026-08-03,82.32,49.81,1.056671,1.122206,-0.065534,86.0058,80.0412,0.382,83.0235,80.0927,0,False,True,SYY
2026-08-03,23.595,52.44,0.284761,0.114948,0.169813,25.0029,19.898,0.724,22.4505,22.9273,0,True,True,T
2026-08-03,41.9,56.19,0.503618,0.350999,0.15262,43.1751,38.1189,0.748,40.647,40.2914,0,True,True,TAP
2026-08-03,1279.15,52.26,19.320035,15.761596,3.558439,1331.3089,1172.5831,0.671,1251.946,1218.81,0,True,True,TDG
2026-08-03,72.715,49.04,1.124589,1.471187,-0.346598,79.3277,70.3468,0.264,74.8373,71.4555,0,False,True,TDW
2026-08-03,660.58,59.52,5.924683,4.636482,1.2882,664.789,616.609,0.913,640.699,630.9752,0,True,True,TDY
2026-08-03,72.1511,74.81,2.279317,2.887675,-0.608358,72.4633,70.7758,0.815,71.6196,62.852,0,True,True,TECH
2026-08-03,200.975,46.27,0.332137,-0.037117,0.369254,211.6831,193.9124,0.397,202.7977,205.7977,0,False,False,TEL
2026-08-03,357.74,49.01,-9.147151,-11.71958,2.572429,384.81,311.673,0.63,348.2415,380.7132,0,True,False,TER
2026-08-03,51.415,50.27,0.44104,0.56957,-0.12853,53.3799,50.2496,0.372,51.8147,50.2809,0,False,True,TFC
2026-08-03,149.11,65.91,3.963695,3.106123,0.857572,149.1763,127.8287,0.997,138.5025,132.7196,0,True,True,TGT
2026-08-03,156.26,49.97,0.514607,-0.073511,0.588118,161.3019,148.2741,0.613,154.788,157.5074,0,True,False,TJX
2026-08-03,184.77,45.63,-3.110703,-3.642758,0.532056,192.0707,177.2343,0.508,184.6525,194.2612,0,True,False,TKO
2026-08-03,574.875,68.9,20.304944,18.410166,1.894778,593.0253,497.6872,0.81,545.3563,507.1217,0,True,True,TMO
2026-08-03,176.06,44.56,-2.165442,-0.831871,-1.333572,198.2752,169.0738,0.239,183.6745,183.1923,0,False,False,TMUS
2026-08-03,396.72,47.13,-0.05836,2.674036,-2.732396,432.0715,380.7115,0.312,406.3915,395.4931,0,False,True,TPL
2026-08-03,153.875,63.96,2.378404,0.9926,1.385804,155.0737,132.9768,0.946,144.0252,144.0031,1,True,True,TPR
2026-08-03,265.77,45.4,-0.19798,1.660511,-1.858491,288.5471,260.4097,0.191,274.4784,268.3236,0,False,False,TRGP
2026-08-03,57.17,61.31,1.134591,0.504892,0.629698,58.8207,48.7333,0.836,53.777,53.1572,0,True,True,TRMB
2026-08-03,112.7,45.47,1.164245,2.085969,-0.921725,122.1608,112.1682,0.053,117.1645,111.1388,0,False,True,TROW
2026-08-03,374.615,54.84,19.688778,20.359508,-0.67073,406.2426,318.5359,0.639,362.3893,320.6914,0,True,True,TRV
2026-08-03,31.8,56.56,0.072643,-0.067427,0.14007,31.8741,29.1979,0.972,30.536,30.5946,0,True,True,TSCO
2026-08-03,320.01,36.64,-24.617591,-19.630501,-4.987091,441.9754,275.9096,0.266,358.9425,387.5111,0,False,False,TSLA
2026-08-03,59.29,52.66,0.288201,0.049656,0.238544,61.2095,55.6175,0.657,58.4135,58.6175,0,True,True,TSN
2026-08-03,459.36,44.9,-4.923784,-1.983085,-2.940699,494.6397,446.9073,0.261,470.7735,469.4636,0,False,False,TT
2026-08-03,18.535,48.87,-0.285087,-0.354856,0.069769,20.2568,17.0057,0.47,18.6313,19.2931,0,False,False,TTD
2026-08-03,119.195,44.52,-12.427091,-11.335153,-1.091937,161.3522,104.1623,0.263,132.7573,160.677,0,False,False,TTMI
2026-08-03,246.11,55.97,2.090265,1.887104,0.203161,255.8774,228.5736,0.642,242.2255,234.3196,0,True,True,TTWO
2026-08-03,267.46,38.51,-6.683761,-4.681948,-2.001812,312.4573,262.7785,0.094,287.6179,295.9408,0,False,False,TXN
2026-08-03,84.93,37.79,-1.031754,-0.247757,-0.783998,96.0676,84.2634,0.056,90.1655,90.8171,0,False,False,TXT
2026-08-03,309.725,50.1,3.183345,2.417354,0.76599,337.0071,285.3624,0.472,311.1848,304.8933,0,False,True,TYL
2026-08-03,127.405,58.63,0.69894,0.485715,0.213225,129.8551,112.9884,0.855,121.4217,118.8987,0,True,True,UAL
2026-08-03,126.0,56.42,3.672905,2.898419,0.774486,128.7444,112.3366,0.833,120.5405,115.3357,0,True,True,UAN
2026-08-03,71.51,50.24,-0.657432,-0.652566,-0.004866,76.2573,67.1017,0.481,71.6795,71.7572,0,False,False,UBER
2026-08-03,38.465,43.42,-0.119633,0.110629,-0.230262,40.8564,38.1555,0.115,39.5059,38.9244,0,False,False,UDR
2026-08-03,170.59,67.0,4.213111,2.226179,1.986931,171.6427,141.4673,0.965,156.555,151.3222,0,True,True,UHS
2026-08-03,525.91,69.75,10.769442,5.167564,5.601878,524.1443,442.3887,1.022,483.2665,479.7412,0,True,True,ULTA
2026-08-03,415.335,50.79,7.820083,10.386965,-2.566882,435.5578,412.8497,0.109,424.2037,397.4072,0,False,True,UNH
2026-08-03,289.17,51.29,4.627071,6.341735,-1.714664,306.6704,278.6606,0.375,292.6655,277.6762,0,False,True,UNP
2026-08-03,106.0816,42.4,-0.792858,0.598213,-1.391071,120.2402,102.994,0.179,111.6171,108.872,0,False,False,UPS
2026-08-03,1105.5699,55.05,7.308031,7.249332,0.058699,1147.6651,1002.0909,0.711,1074.878,1064.5684,0,True,True,URI
2026-08-03,63.2236,56.62,0.985101,1.280979,-0.295879,64.7717,61.3617,0.546,63.0667,59.529,0,True,True,USB
2026-08-03,98.1,53.45,1.008949,0.952546,0.056403,98.909,95.748,0.744,97.3285,95.2045,0,True,True,USMV
2026-08-03,364.82,61.65,6.919731,7.014409,-0.094678,371.4872,344.6859,0.751,358.0865,341.1262,0,True,True,V
2026-08-03,77.09,49.25,-0.592631,-0.977751,0.38512,80.7036,73.6444,0.488,77.174,80.3888,0,False,False,VAL
2026-08-03,210.3,65.97,7.263274,6.259246,1.004027,210.1343,179.1497,1.005,194.642,178.967,0,True,True,VEEV
2026-08-03,26.28,44.22,-0.097562,-0.096214,-0.001348,27.2745,25.8035,0.324,26.539,26.9495,0,False,False,VICI
2026-08-03,239.13,53.57,1.380458,1.441952,-0.061494,241.0394,235.8036,0.635,238.4215,235.3921,0,True,True,VIG
2026-08-03,311.13,56.42,14.982337,15.70543,-0.723093,325.5034,272.2766,0.73,298.89,263.3199,0,True,True,VLO
2026-08-03,94.61,56.59,1.811813,1.816368,-0.004555,97.793,88.861,0.644,93.327,88.6175,0,True,True,VLTO
2026-08-03,279.22,45.99,-4.207759,-3.006204,-1.201555,301.2685,267.9055,0.339,284.587,286.9624,0,False,False,VMC
2026-08-03,99.001,51.89,1.549652,1.706181,-0.156529,101.5834,96.4237,0.5,99.0035,95.4698,0,False,True,VNQ
2026-08-03,192.3,48.42,4.432121,5.341864,-0.909743,212.2192,181.3908,0.354,196.805,185.7279,0,False,True,VRSK
2026-08-03,299.45,67.42,5.625095,2.393639,3.231456,295.6486,255.1394,1.094,275.394,276.1568,0,True,True,VRSN
2026-08-03,258.195,41.1,-17.723603,-12.123441,-5.600162,346.7366,229.5689,0.244,288.1527,304.5725,0,False,False,VRT
2026-08-03,471.535,44.82,0.626516,2.854711,-2.228196,506.9537,460.6928,0.234,483.8232,469.1239,0,False,True,VRTX
2026-08-03,154.19,48.57,-1.614452,-0.356991,-1.257461,169.3556,143.7564,0.408,156.556,156.2672,0,False,False,VST
2026-08-03,91.805,46.22,1.649212,2.502437,-0.853225,101.1048,88.8427,0.242,94.9738,88.8299,0,False,True,VTR
2026-08-03,17.46,57.27,0.370727,0.355099,0.015628,18.1823,16.0617,0.659,17.122,16.4918,0,True,True,VTRS
2026-08-03,87.1,53.7,0.417275,0.366467,0.050808,88.5995,82.2705,0.763,85.435,84.3616,0,True,True,VUG
2026-08-03,162.015,52.54,2.553309,2.622463,-0.069154,163.3536,158.9899,0.693,161.1717,155.7897,0,True,True,VYM
2026-08-03,47.405,56.18,0.672516,0.219278,0.453238,48.7543,39.9999,0.846,44.3771,45.2893,0,True,True,VZ
2026-08-03,293.685,61.91,8.360564,6.597087,1.763477,313.7447,239.7608,0.729,276.7527,269.7991,0,True,True,WAB
2026-08-03,374.805,51.58,3.012789,3.256095,-0.243307,386.3674,362.4641,0.516,374.4158,368.6851,0,True,True,WAT
2026-08-03,26.19,48.97,-0.241059,-0.238998,-0.002061,27.5723,24.9517,0.473,26.262,26.583,0,False,False,WBD
2026-08-03,165.065,64.26,7.497642,5.158287,2.339355,167.8248,124.0057,0.937,145.9152,137.0007,0,True,True,WDAY
2026-08-03,523.81,48.31,-14.910152,-16.06199,1.151838,602.6092,448.9428,0.487,525.776,562.5506,0,False,False,WDC
2026-08-03,109.28,36.54,-1.118711,-0.506532,-0.612179,118.1525,108.9765,0.033,113.5645,113.6514,-1,False,False,WEC
2026-08-03,233.16,47.22,3.709779,5.872925,-2.163146,252.2781,227.2589,0.236,239.7685,224.2672,0,False,True,WELL
2026-08-03,86.61,53.6,0.563725,0.869302,-0.305577,88.6448,84.5902,0.498,86.6175,83.6504,0,False,True,WFC
2026-08-03,225.25,48.87,3.318176,5.325407,-2.007231,244.2217,225.5943,-0.018,234.908,220.1698,0,False,True,WM
2026-08-03,70.54,40.3,-0.865285,-0.447244,-0.418042,77.4273,69.4807,0.133,73.454,73.3268,0,False,False,WMB
2026-08-03,110.6922,43.26,-1.31511,-1.574783,0.259672,115.9175,108.3617,0.308,112.1396,115.2314,0,False,False,WMT
2026-08-03,72.1301,50.12,1.130628,1.359903,-0.229275,76.4049,69.1701,0.409,72.7875,69.598,0,False,True,WRB
2026-08-03,235.925,60.46,3.912594,3.433638,0.478957,238.496,212.2673,0.902,225.3817,219.8125,0,True,True,WSM
2026-08-03,347.01,51.99,-0.372708,1.939809,-2.312517,371.111,329.0288,0.427,350.0699,338.8113,0,False,True,WST
2026-08-03,340.725,81.39,15.456371,11.09508,4.361291,336.6925,265.504,1.057,301.0982,276.4269,0,True,True,WTW
2026-08-03,24.9999,58.13,0.150733,0.021747,0.128986,25.2453,22.4777,0.911,23.8615,24.1205,0,True,True,WY
2026-08-03,97.4101,46.58,-0.326101,-0.769893,0.443792,101.0431,94.0779,0.478,97.5605,100.376,0,False,False,WYNN
2026-08-03,146.91,49.21,1.375165,2.821308,-1.446143,164.3522,143.3818,0.168,153.867,142.6061,0,False,True,XBI
2026-08-03,78.02,42.01,-0.255505,0.006897,-0.262402,81.6765,77.5515,0.114,79.614,79.3264,0,False,False,XEL
2026-08-03,58.93,54.46,0.796493,0.669827,0.126666,60.809,54.36,0.709,57.5845,56.7148,0,True,True,XLE
2026-08-03,57.05,61.4,0.749182,0.791438,-0.042256,57.5515,55.1065,0.795,56.329,54.3177,0,True,True,XLF
2026-08-03,84.71,49.01,0.042601,-0.003055,0.045656,86.9921,82.4779,0.494,84.735,84.868,0,False,False,XLP
2026-08-03,44.335,46.99,-0.780964,-0.63154,-0.149424,46.4154,44.2441,0.042,45.3297,46.4549,0,False,False,XLU
2026-08-03,161.51,50.13,1.219713,1.429103,-0.20939,166.5884,157.2166,0.458,161.9025,158.1371,0,False,True,XLV
2026-08-03,154.875,55.11,5.007298,4.419801,0.587496,162.5432,136.1343,0.71,149.3388,142.6095,0,True,True,XOM
2026-08-03,118.43,50.0,0.789476,1.357316,-0.56784,125.3436,114.8074,0.344,120.0755,115.1198,0,False,True,XYL
2026-08-03,81.84,58.48,1.707923,1.673407,0.034516,84.0934,75.2836,0.744,79.6885,75.6454,0,True,True,XYZ
2026-08-03,149.975,44.49,-1.236993,-1.283346,0.046353,167.5461,140.4314,0.352,153.9887,153.6372,0,False,False,YUM
2026-08-03,96.07,60.21,1.774136,1.358076,0.416059,97.369,86.222,0.883,91.7955,88.8155,0,True,True,ZBH
2026-08-03,291.02,67.41,9.241714,6.830901,2.410813,293.4459,246.6201,0.948,270.033,255.1606,0,True,True,ZBRA
2026-08-03,77.66,54.1,-0.066072,-0.596718,0.530646,78.2831,73.0955,0.88,75.6893,76.7255,0,True,True,ZTS
