date,rv_5d,rv_10d,rv_21d,rv_42d,rv_63d,VIX_proxy,VIX3M_proxy,VIX9D_proxy,term_slope_21_63,term_slope_10_21,contango,backwardation,curve_convexity,source
2025-10-23,7.888111403951285,7.400364731691203,8.014364863772991,8.521509378234253,8.307437467182286,8.014364863772991,8.307437467182286,7.400364731691203,0.29307260340929453,0.614000132081788,True,False,-0.16046376433624676,synthetic_rv_proxy
2025-10-24,6.968458349437133,7.650279786443255,7.736317863042987,8.513154476125665,8.312413142416599,7.736317863042987,8.312413142416599,7.650279786443255,0.5760952793736118,0.08603807659973217,True,False,0.24502860138693983,synthetic_rv_proxy
2025-10-27,4.461665504459506,7.71931489710509,7.752346305586648,8.491549984452387,8.311999804933707,7.752346305586648,8.311999804933707,7.71931489710509,0.5596534993470597,0.03303140848155817,True,False,0.26331104543275163,synthetic_rv_proxy
2025-10-28,9.759968734799147,8.666260822040577,7.276684012265743,8.850518313547646,8.483178055401725,7.276684012265743,8.483178055401725,8.666260822040577,1.206494043135982,-1.3895768097748347,True,False,1.2980354264554075,synthetic_rv_proxy
2025-10-29,7.93924388403959,8.824066120367366,7.242983214509849,8.545022884359916,8.279213473759166,7.242983214509849,8.279213473759166,8.824066120367366,1.0362302592493169,-1.5810829058575173,True,False,1.308656582553418,synthetic_rv_proxy
2025-10-30,8.627712939515131,7.98759467817359,7.066962897710302,8.611070104368482,8.168614762938228,7.066962897710302,8.168614762938228,7.98759467817359,1.1016518652279261,-0.920631780463288,True,False,1.011141822845608,synthetic_rv_proxy
2025-10-31,7.756529231545238,7.817132294092797,6.574025377183003,8.427206998018526,8.125411090556717,6.574025377183003,8.125411090556717,7.817132294092797,1.5513857133737146,-1.2431069169097944,True,False,1.3972463151417545,synthetic_rv_proxy
2025-11-03,14.225795128792635,10.279066614868238,8.384424643593206,9.010876269489982,8.488711025322246,8.384424643593206,8.488711025322246,10.279066614868238,0.10428638172903959,-1.894641971275032,True,False,0.9994641765020358,synthetic_rv_proxy
2025-11-04,13.456209464761315,11.323257269769147,9.250990411369818,9.307747794317622,8.56201054904514,9.250990411369818,8.56201054904514,11.323257269769147,-0.6889798623246772,-2.0722668583993293,False,True,0.691643498037326,synthetic_rv_proxy
2025-11-05,13.481516458996424,10.925018180666338,9.264414782914093,9.253159582005372,8.525199924809257,9.264414782914093,8.525199924809257,10.925018180666338,-0.7392148581048357,-1.6606033977522454,False,True,0.46069426982370487,synthetic_rv_proxy
2025-11-06,10.347561803199708,11.012097313697808,9.370445107505612,9.236027426974461,8.54188852975086,9.370445107505612,8.54188852975086,11.012097313697808,-0.8285565777547514,-1.6416522061921963,False,True,0.40654781421872244,synthetic_rv_proxy
2025-11-07,8.378644701782239,11.031876490678554,9.395747570124954,9.241650640149874,8.518180460567148,9.395747570124954,8.518180460567148,11.031876490678554,-0.8775671095578055,-1.6361289205536007,False,True,0.3792809054978967,synthetic_rv_proxy
2025-11-10,8.59945294691596,11.46726013904176,9.48018447399269,9.199524703435378,8.57360910922131,9.48018447399269,8.57360910922131,11.46726013904176,-0.9065753647713795,-1.9870756650490708,False,True,0.5402501501388457,synthetic_rv_proxy
2025-11-11,8.949937275577085,11.396496479769993,9.988774388490205,9.095983879102521,8.803595643805863,9.988774388490205,8.803595643805863,11.396496479769993,-1.1851787446843414,-1.4077220912797888,False,True,0.1112716732977237,synthetic_rv_proxy
2025-11-12,9.082474818703492,11.402834685335575,9.929900182168842,9.018604333895071,8.807670813058166,9.929900182168842,8.807670813058166,11.402834685335575,-1.1222293691106753,-1.4729345031667336,False,True,0.17535256702803004,synthetic_rv_proxy
2025-11-13,7.950944237479591,10.908256341701318,9.967087270554622,8.76039969777242,8.83185297249097,9.967087270554622,8.83185297249097,10.908256341701318,-1.1352342980636525,-0.941169071146696,False,True,-0.09703261345847736,synthetic_rv_proxy
2025-11-14,6.341628966889533,11.189606885907988,9.451754915370206,8.772410530167491,8.71986573322391,9.451754915370206,8.71986573322391,11.189606885907988,-0.7318891821462952,-1.7378519705377826,False,True,0.5029813941957428,synthetic_rv_proxy
2025-11-17,6.635313190982058,8.866626519010016,9.328842991090188,8.755594254275973,8.711740198718426,9.328842991090188,8.711740198718426,8.866626519010016,-0.617102792371762,0.462216472080172,False,True,-0.5396596322259661,synthetic_rv_proxy
2025-11-18,4.172739605667547,6.587975448592961,9.148668213057363,8.701807452741237,8.686673056000194,9.148668213057363,8.686673056000194,6.587975448592961,-0.461995157057169,2.5606927644644015,False,True,-1.5113439607607848,synthetic_rv_proxy
2025-11-19,3.0120338934484625,6.495525632172145,9.227937861779155,8.688953997110191,8.67972059982813,9.227937861779155,8.67972059982813,6.495525632172145,-0.5482172619510255,2.732412229607011,False,True,-1.6403147457790181,synthetic_rv_proxy
2025-11-20,4.481321902733998,6.111135049699605,9.169463369399589,8.518519978372584,8.74308863212304,9.169463369399589,8.74308863212304,6.111135049699605,-0.4263747372765483,3.0583283196999833,False,True,-1.7423515284882658,synthetic_rv_proxy
2025-11-21,4.300658983200288,5.217305069178831,9.162710887648993,8.531170585957753,8.741970636650741,9.162710887648993,8.741970636650741,5.217305069178831,-0.42074025099825185,3.945405818470162,False,True,-2.183073034734207,synthetic_rv_proxy
2025-11-24,5.312068545466539,5.710045474339048,9.439625135372914,8.57489871238783,8.88375846205214,9.439625135372914,8.88375846205214,5.710045474339048,-0.5558666733207733,3.729579661033866,False,True,-2.1427231671773193,synthetic_rv_proxy
2025-11-25,10.673521167132463,7.680284945430856,10.033706637147022,8.88298899050663,9.033010042285307,10.033706637147022,9.033010042285307,7.680284945430856,-1.000696594861715,2.353421691716166,False,True,-1.6770591432889415,synthetic_rv_proxy
2025-11-26,13.520606141343192,9.493625868269977,10.127065073607456,8.749789582152227,9.218143430373095,10.127065073607456,9.218143430373095,9.493625868269977,-0.9089216432343612,0.6334392053374795,False,True,-0.7711804242859213,synthetic_rv_proxy
2025-11-27,13.603153562649211,9.939689094700496,10.424226247293886,8.870602547850362,9.16388109737863,10.424226247293886,9.16388109737863,9.939689094700496,-1.2603451499152563,0.4845371525933899,False,True,-0.8724411512543231,synthetic_rv_proxy
2025-11-28,13.458659280893393,9.78962721997763,10.178881087779803,8.712758168206918,9.098320260253564,10.178881087779803,9.098320260253564,9.78962721997763,-1.0805608275262397,0.3892538678021733,False,True,-0.7349073476642065,synthetic_rv_proxy
2025-12-01,11.703745182980901,9.810804225795183,10.18298084896959,8.56617479528034,8.975508154627232,10.18298084896959,8.975508154627232,9.810804225795183,-1.2074726943423588,0.3721766231744077,False,True,-0.7898246587583824,synthetic_rv_proxy
2025-12-02,9.935509464374674,9.971838526318876,8.976986034802772,8.58272153900708,8.9855135312024,8.976986034802772,8.9855135312024,9.971838526318876,0.00852749639962802,-0.9948524915161041,True,False,0.5016899939578661,synthetic_rv_proxy
2025-12-03,5.574710231073881,9.903250341797099,8.019787112196495,8.569379473003425,8.987582137161317,8.019787112196495,8.987582137161317,9.903250341797099,0.967795024964822,-1.8834632296006042,True,False,1.425629127282713,synthetic_rv_proxy
2025-12-04,6.391200147168428,10.049958064098362,8.535484266540436,8.807544802548465,9.053551209112989,8.535484266540436,9.053551209112989,10.049958064098362,0.5180669425725526,-1.514473797557926,True,False,1.0162703700652393,synthetic_rv_proxy
2025-12-05,6.417455027754385,10.028453132986346,8.53539318970953,8.87524146948419,9.039975850432329,8.53539318970953,9.039975850432329,10.028453132986346,0.5045826607227983,-1.4930599432768155,True,False,0.9988213019998078,synthetic_rv_proxy
2025-12-08,6.848789400152149,9.043256920420209,8.459669526183621,8.876187666895538,9.068635647142036,8.459669526183621,9.068635647142036,9.043256920420209,0.6089661209584154,-0.5835873942365879,True,False,0.5962767575975008,synthetic_rv_proxy
2025-12-09,7.640049963452536,8.364580629830991,8.401219713844183,8.881263838980372,9.01666507831942,8.401219713844183,9.01666507831942,8.364580629830991,0.6154453644752369,0.03663908401319205,True,False,0.28940314023102154,synthetic_rv_proxy
2025-12-10,7.522334775082516,6.668399151981371,7.855884037579747,8.875802983625809,8.685086848915407,7.855884037579747,8.685086848915407,6.668399151981371,0.8292028113356604,1.1874848855983764,True,False,-0.17914103713135798,synthetic_rv_proxy
2025-12-11,6.054532123562611,6.338840907020031,8.007835734064999,8.930090508101152,8.702323539700934,8.007835734064999,8.702323539700934,6.338840907020031,0.6944878056359354,1.6689948270449682,True,False,-0.48725351070451595,synthetic_rv_proxy
2025-12-12,3.465744086424928,6.346390895954245,7.960901620148323,8.92178111030854,8.514095996416433,7.960901620148323,8.514095996416433,6.346390895954245,0.5531943762681104,1.6145107241940773,True,False,-0.5306581739629834,synthetic_rv_proxy
2025-12-15,3.586826625535288,6.557533026646451,7.936258137639658,8.645677979730152,8.491367279212941,7.936258137639658,8.491367279212941,6.557533026646451,0.5551091415732827,1.3787251109932077,True,False,-0.41180798470996294,synthetic_rv_proxy
2025-12-16,12.267084679662025,9.6404947781521,9.389702649425507,9.24756844210427,8.902837139998459,9.389702649425507,8.902837139998459,9.6404947781521,-0.486865509427048,-0.2507921287265926,False,True,-0.11803669035022857,synthetic_rv_proxy
2025-12-17,12.28997329565044,9.621924913295143,9.392310641914229,9.169428961256623,8.86734762162012,9.392310641914229,8.86734762162012,9.621924913295143,-0.5249630202941091,-0.22961427138091395,False,True,-0.1476743744565976,synthetic_rv_proxy
2025-12-18,11.108917783648254,9.128597651641776,9.472387812307502,9.236365758050702,8.880998855363224,9.472387812307502,8.880998855363224,9.128597651641776,-0.5913889569442787,0.3437901606657263,False,True,-0.4675895588050025,synthetic_rv_proxy
2025-12-19,16.319775923247235,11.333671442499485,10.41941620082758,9.696501111618632,9.110838255672824,10.41941620082758,9.110838255672824,11.333671442499485,-1.308577945154756,-0.9142552416719045,False,True,-0.1971613517414248,synthetic_rv_proxy
2025-12-22,17.849158272812492,12.200567186007431,10.997356587204118,9.99768070734897,9.339007369289032,10.997356587204118,9.339007369289032,12.200567186007431,-1.6583492179150863,-1.203210598803313,False,True,-0.2275693095558875,synthetic_rv_proxy
2025-12-23,12.47487515728198,12.25532196334645,10.664553748443325,9.976934882811872,9.240875310731997,10.664553748443325,9.240875310731997,12.25532196334645,-1.4236784377113274,-1.5907682149031253,False,True,0.08354488859589893,synthetic_rv_proxy
2025-12-24,12.868212636831695,12.328786169369888,10.155227017372876,9.972506395027354,9.245055665112712,10.155227017372876,9.245055665112712,12.328786169369888,-0.9101713522601642,-2.1735591519970114,False,True,0.6316938998684236,synthetic_rv_proxy
2025-12-25,12.827441068257809,12.428769056070015,9.650160774588954,9.798313493676444,8.986696814922789,9.650160774588954,8.986696814922789,12.428769056070015,-0.6634639596661653,-2.778608281481061,False,True,1.0575721609074478,synthetic_rv_proxy
2025-12-26,10.282942401817497,13.013777880556269,9.7469439633762,9.977593521268933,9.097296362176339,9.7469439633762,9.097296362176339,13.013777880556269,-0.6496476011998613,-3.266833917180069,False,True,1.308593157990103,synthetic_rv_proxy
2025-12-29,7.493021933835524,12.92484333196937,9.747028282584479,9.865584057045353,8.992803809977149,9.747028282584479,8.992803809977149,12.92484333196937,-0.7542244726073299,-3.1778150493848916,False,True,1.21179528838878,synthetic_rv_proxy
2025-12-30,11.067237485098596,11.145015441946656,10.53151228880984,10.28477423204445,9.188968808945235,10.53151228880984,9.188968808945235,11.145015441946656,-1.342543479864604,-0.6135031531368167,False,True,-0.3645201633638937,synthetic_rv_proxy
2025-12-31,10.40620023982108,11.039516157687466,10.472764930973852,9.67260716587181,9.19658906079195,10.472764930973852,9.19658906079195,11.039516157687466,-1.276175870181902,-0.5667512267136132,False,True,-0.35471232173414435,synthetic_rv_proxy
2026-01-01,7.3855159366310845,10.002300462187144,10.483804866545665,9.23155688079093,9.193951438197386,10.483804866545665,9.193951438197386,10.002300462187144,-1.2898534283482785,0.48150440435852104,False,True,-0.8856789163533989,synthetic_rv_proxy
2026-01-02,7.271722011576634,8.547270248344375,9.92684307970081,9.209822127099935,9.197147677854128,9.92684307970081,9.197147677854128,8.547270248344375,-0.7296954018466817,1.379572831356434,False,True,-1.0546341166015587,synthetic_rv_proxy
2026-01-05,6.560210495961279,7.628125164232431,9.670424540452421,9.117479979964417,9.212330708367197,9.670424540452421,9.212330708367197,7.628125164232431,-0.4580938320852237,2.04229937621999,False,True,-1.2501966041526078,synthetic_rv_proxy
2026-01-06,4.108208257160453,7.9158215828949166,9.81178506477905,9.097620491739649,9.212842627107758,9.81178506477905,9.212842627107758,7.9158215828949166,-0.5989424376712922,1.8959634818841336,False,True,-1.2474529597777124,synthetic_rv_proxy
2026-01-07,5.945354475200206,8.048345384867053,10.018036833211132,9.209637626203433,9.31408396405792,10.018036833211132,9.31408396405792,8.048345384867053,-0.7039528691532126,1.9696914483440793,False,True,-1.336822158748646,synthetic_rv_proxy
2026-01-08,6.585247173939555,6.784907215019116,10.101541395152589,9.113457878992651,9.376135912996775,10.101541395152589,9.376135912996775,6.784907215019116,-0.7254054821558142,3.316634180133473,False,True,-2.0210198311446437,synthetic_rv_proxy
2026-01-09,8.556183782027924,7.654140718143918,10.282086177587205,9.168980744460585,9.411884717745767,10.282086177587205,9.411884717745767,7.654140718143918,-0.8702014598414376,2.6279454594432874,False,True,-1.7490734596423625,synthetic_rv_proxy
2026-01-12,8.552264477318372,7.652520158603717,10.288123260815798,9.16182286713003,9.41005514461062,10.288123260815798,9.41005514461062,7.652520158603717,-0.8780681162051778,2.635603102212081,False,True,-1.756835609208629,synthetic_rv_proxy
2026-01-13,9.49828204375799,6.924646812345231,10.564166659640495,9.267746350501627,9.309767532211302,10.564166659640495,9.309767532211302,6.924646812345231,-1.2543991274291937,3.639519847295264,False,True,-2.4469594873622285,synthetic_rv_proxy
2026-01-14,8.027856152315954,7.496905354945254,9.275683433378724,9.383987881050583,9.349091316555148,9.275683433378724,9.349091316555148,7.496905354945254,0.073407883176424,1.7787780784334704,True,False,-0.8526850976285232,synthetic_rv_proxy
2026-01-15,4.359285474602378,7.403732883417052,9.28909628227736,9.380910779578924,9.312319681999996,9.28909628227736,9.312319681999996,7.403732883417052,0.023223399722636984,1.8853633988603073,True,False,-0.9310699995688356,synthetic_rv_proxy
2026-01-16,10.829873551788184,9.332922488923737,9.498787943214351,9.73006178873236,9.576920130762346,9.498787943214351,9.576920130762346,9.332922488923737,0.078132187547995,0.16586545429061417,True,False,-0.04386663337131047,synthetic_rv_proxy
2026-01-19,11.122760710318534,9.36473845417684,8.64014788173802,9.65832557269273,9.451254705286102,8.64014788173802,9.451254705286102,9.36473845417684,0.8111068235480818,-0.7245905724388191,True,False,0.7678486979934505,synthetic_rv_proxy
2026-01-20,9.647767844897256,9.093979761543595,8.156580048019238,9.656133572067445,9.437536594685772,8.156580048019238,9.437536594685772,9.093979761543595,1.280956546666534,-0.937399713524357,True,False,1.1091781300954455,synthetic_rv_proxy
2026-01-21,7.148463775345687,8.496339918899364,8.105507976790364,9.527026798396827,9.422329181272888,8.105507976790364,9.422329181272888,8.496339918899364,1.3168212044825243,-0.39083194210900096,True,False,0.8538265732957626,synthetic_rv_proxy
2026-01-22,7.658011837056369,8.017864731143002,8.100392995562913,9.196410502010448,9.417352717278048,8.100392995562913,9.417352717278048,8.017864731143002,1.3169597217151345,0.08252826441991168,True,False,0.6172157286476114,synthetic_rv_proxy
2026-01-23,3.487086651130996,7.6295146264668965,7.759503690093637,8.773974200380138,9.269690740777854,7.759503690093637,9.269690740777854,7.6295146264668965,1.510187050684217,0.12998906362674045,True,False,0.6900989935287383,synthetic_rv_proxy
2026-01-26,4.808049154128816,8.103735700599088,7.631949603385809,8.754991807381314,9.321093976433142,7.631949603385809,9.321093976433142,8.103735700599088,1.6891443730473323,-0.471786097213279,True,False,1.0804652351303048,synthetic_rv_proxy
2026-01-27,5.706024325273669,7.477948983487326,7.722774787556415,8.832128513826145,9.322476920920687,7.722774787556415,9.322476920920687,7.477948983487326,1.5997021333642722,0.24482580406908916,True,False,0.6774381646475911,synthetic_rv_proxy
2026-01-28,7.9672449727006045,7.521902803678156,7.326003709223437,8.977847460036523,9.396861528653599,7.326003709223437,9.396861528653599,7.521902803678156,2.0708578194301612,-0.19589909445471854,True,False,1.1333784569424399,synthetic_rv_proxy
2026-01-29,7.654971280694976,7.409978115537262,7.2948319324744615,8.917396283408323,8.912888294950726,7.2948319324744615,8.912888294950726,7.409978115537262,1.6180563624762643,-0.11514618306280067,True,False,0.8666012727695334,synthetic_rv_proxy
2026-01-30,7.432573020422817,5.539654714687856,7.295342851461315,8.922308043498397,8.583588243605744,7.295342851461315,8.583588243605744,5.539654714687856,1.2882453921444297,1.7556881367734585,True,False,-0.2337213723145144,synthetic_rv_proxy
2026-02-02,8.40439217723328,6.659750124936735,7.762204431026615,8.815850891728537,8.690731401244518,7.762204431026615,8.690731401244518,6.659750124936735,0.9285269702179031,1.1024543060898804,True,False,-0.08696366793598909,synthetic_rv_proxy
2026-02-03,7.8373758593805185,8.09418604865951,8.393348301523375,9.032666072867631,8.830561374090722,8.393348301523375,8.830561374090722,8.09418604865951,0.43721307256734754,0.299162252863864,True,False,0.06902540985174177,synthetic_rv_proxy
2026-02-04,14.408300651592509,10.978433910278161,9.595352055613404,9.59291548190071,9.189100042088164,9.595352055613404,9.189100042088164,10.978433910278161,-0.4062520135252399,-1.3830818546647574,False,True,0.48841492056975966,synthetic_rv_proxy
2026-02-05,16.435123698349518,12.387125898133307,10.14245218291234,10.038665262611609,9.470074344141215,10.14245218291234,9.470074344141215,12.387125898133307,-0.6723778387711246,-2.2446737152209675,False,True,0.7861479382249215,synthetic_rv_proxy
2026-02-06,16.004091111294233,12.516087234437547,9.98663318208416,10.104011622315973,9.381852414342223,9.98663318208416,9.381852414342223,12.516087234437547,-0.6047807677419375,-2.529454052353387,False,True,0.9623366423057238,synthetic_rv_proxy
2026-02-09,15.737612271340218,12.005417921541788,9.925351390640905,10.091777262119264,9.388703648773408,9.925351390640905,9.388703648773408,12.005417921541788,-0.5366477418674975,-2.080066530900883,False,True,0.7717093945166926,synthetic_rv_proxy
2026-02-10,15.553551173240935,11.649774182885352,10.290307291934443,10.318485559861655,9.53546229588243,10.290307291934443,9.53546229588243,11.649774182885352,-0.7548449960520127,-1.359466890950909,False,True,0.302310947449449,synthetic_rv_proxy
2026-02-11,6.333919484164897,11.586545630689878,10.12871882235782,10.299444820628398,9.513646041038756,10.12871882235782,9.513646041038756,11.586545630689878,-0.6150727813190642,-1.457826808332058,False,True,0.4213770135064969,synthetic_rv_proxy
2026-02-12,7.079874591324555,12.333620824926331,10.802186124326912,10.118218943638468,9.835535562775103,10.802186124326912,9.835535562775103,12.333620824926331,-0.9666505615518091,-1.5314347005994193,False,True,0.28239206952380513,synthetic_rv_proxy
2026-02-13,6.978739390542442,11.953011647387225,11.061397667288606,10.308864067209884,9.954431289730476,11.061397667288606,9.954431289730476,11.953011647387225,-1.1069663775581304,-0.8916139800986187,False,True,-0.10767619872975587,synthetic_rv_proxy
2026-02-16,7.342818480867362,11.98258038091658,10.12466925691179,10.229637971531018,9.950795562022952,10.12466925691179,9.950795562022952,11.98258038091658,-0.17387369488883841,-1.85791112400479,False,True,0.8420187145579767,synthetic_rv_proxy
2026-02-17,8.436552139342803,11.926893993605526,9.985985722582788,9.696877844340587,9.86936680164241,9.985985722582788,9.86936680164241,11.926893993605526,-0.11661892094037718,-1.9409082710227388,False,True,0.9121446750411817,synthetic_rv_proxy
2026-02-18,8.693991257775865,7.233125571872194,9.94854646460955,9.386060605291151,9.862669296215962,9.94854646460955,9.862669296215962,7.233125571872194,-0.08587716839358706,2.715420892737355,False,True,-1.4006490305654715,synthetic_rv_proxy
2026-02-19,7.84556202396738,8.214243601272708,10.221398510104477,9.507569810969592,9.830348041331048,10.221398510104477,9.830348041331048,8.214243601272708,-0.39105046877342886,2.007154908831769,False,True,-1.1991026888025988,synthetic_rv_proxy
2026-02-20,5.2219461313678925,8.950162481116127,10.416149642435519,9.548356061600801,9.67547860237995,10.416149642435519,9.67547860237995,8.950162481116127,-0.7406710400555685,1.4659871613193918,False,True,-1.1033291006874801,synthetic_rv_proxy
2026-02-23,4.031412188459552,9.191228470747689,10.483397259171305,9.46274557787198,9.449291622512979,10.483397259171305,9.449291622512979,9.191228470747689,-1.0341056366583263,1.2921687884236164,False,True,-1.1631372125409705,synthetic_rv_proxy
2026-02-24,4.4040921270689415,8.507828539780043,10.154329673832594,9.28710554182083,9.36389982416086,10.154329673832594,9.36389982416086,8.507828539780043,-0.7904298496717335,1.646501134052551,False,True,-1.2184654918621423,synthetic_rv_proxy
2026-02-25,3.861272784023699,8.790365642526353,9.959973062976507,9.320860993697123,9.386313830002301,9.959973062976507,9.386313830002301,8.790365642526353,-0.5736592329742063,1.1696074204501539,False,True,-0.8716333267121801,synthetic_rv_proxy
2026-02-26,9.10572777485943,8.020194155262661,10.289025438266725,9.190968343811331,9.597144621738137,10.289025438266725,9.597144621738137,8.020194155262661,-0.6918808165285881,2.2688312830040633,False,True,-1.4803560497663266,synthetic_rv_proxy
2026-02-27,9.134640070606235,7.194386822550086,10.455368103533463,9.218663680358132,9.611134265304539,10.455368103533463,9.611134265304539,7.194386822550086,-0.8442338382289236,3.2609812809833763,False,True,-2.05260755960615,synthetic_rv_proxy
2026-03-02,8.923860276973015,7.070513621205578,10.35734642589615,9.194986830053578,9.611672079012031,10.35734642589615,9.611672079012031,7.070513621205578,-0.7456743468841189,3.2868328046905724,False,True,-2.0162535757873457,synthetic_rv_proxy
2026-03-03,8.922017428307703,7.133074166254162,10.22656199003669,9.183301598430166,9.462483673478344,10.22656199003669,9.462483673478344,7.133074166254162,-0.7640783165583453,3.093487823782527,False,True,-1.9287830701704358,synthetic_rv_proxy
2026-03-04,12.146607584235182,8.714594708518042,10.75217538504048,9.558012597067759,9.64309008594874,10.75217538504048,9.64309008594874,8.714594708518042,-1.1090852990917401,2.0375806765224382,False,True,-1.5733329878070883,synthetic_rv_proxy
2026-03-05,14.819226896240984,11.59547733358426,10.313838267322552,10.160944252643574,10.08705421708956,10.313838267322552,10.08705421708956,11.59547733358426,-0.22678405023299142,-1.2816390662617074,False,True,0.5274275080143589,synthetic_rv_proxy
2026-03-06,14.70636311083936,11.542356817911703,9.975097969938092,10.019116010897507,10.10068497819475,9.975097969938092,10.10068497819475,11.542356817911703,0.12558700825665703,-1.5672588479736103,True,False,0.8464229281151336,synthetic_rv_proxy
2026-03-09,14.805796704379013,11.524904739974504,9.94783712557545,9.882565543660082,10.11683214970856,9.94783712557545,10.11683214970856,11.524904739974504,0.1689950241331104,-1.5770676143990539,True,False,0.873031319266083,synthetic_rv_proxy
2026-03-10,17.070694813504698,13.007959760627688,10.83393138073507,10.26845200631883,10.309673797298595,10.83393138073507,10.309673797298595,13.007959760627688,-0.5242575834364747,-2.1740283798926185,False,True,0.8248853982280728,synthetic_rv_proxy
2026-03-11,15.044681025465492,12.916501631238027,10.505452886653528,10.275197235932549,10.311166879575898,10.505452886653528,10.311166879575898,12.916501631238027,-0.1942860070776291,-2.4110487445845,False,True,1.1083813687534363,synthetic_rv_proxy
2026-03-12,8.924364743825155,12.14809479449615,10.932411372832753,10.42030666296718,10.426944615749065,10.932411372832753,10.426944615749065,12.14809479449615,-0.5054667570836884,-1.215683421663396,False,True,0.35510833228985383,synthetic_rv_proxy
2026-03-13,8.89989255998718,12.194735850526722,10.064055920175743,10.406707403080292,10.028434981553717,10.064055920175743,10.028434981553717,12.194735850526722,-0.03562093862202609,-2.130679930350979,False,True,1.0475294958644774,synthetic_rv_proxy
2026-03-16,9.842172057120647,12.58562822990367,9.777804504954057,10.467084713652502,10.079651216592703,9.777804504954057,10.079651216592703,12.58562822990367,0.30184671163864607,-2.8078237249496123,True,False,1.5548352182941283,synthetic_rv_proxy
2026-03-17,9.22020782673136,12.943067742020343,9.92769774375152,10.146305141020493,10.06412568461908,9.92769774375152,10.06412568461908,12.943067742020343,0.13642794086756105,-3.015369998268824,True,False,1.5758989695681933,synthetic_rv_proxy
2026-03-18,10.692174738005916,12.305316737512893,10.269136370511973,10.210966703462802,9.821507958833335,10.269136370511973,9.821507958833335,12.305316737512893,-0.44762841167863776,-2.03618036700092,False,True,0.7942759776611403,synthetic_rv_proxy
2026-03-19,7.13406983904982,9.656559988936294,10.350471707412517,10.219941703085262,9.651738964639318,10.350471707412517,9.651738964639318,9.656559988936294,-0.6987327427731991,0.6939117184762225,False,True,-0.6963222306247108,synthetic_rv_proxy
2026-03-20,10.957752916756897,10.77949974078721,10.753094860382873,10.554867145859404,9.8716562887437,10.753094860382873,9.8716562887437,10.77949974078721,-0.8814385716391726,-0.026404880404337305,False,True,-0.42751684561741854,synthetic_rv_proxy
2026-03-23,12.17037670975718,10.856480254623921,10.934772781618625,10.719139807774457,9.962273075545754,10.934772781618625,9.962273075545754,10.856480254623921,-0.9724997060728704,0.07829252699470324,False,True,-0.5253961165337859,synthetic_rv_proxy
2026-03-24,12.039844594323808,10.112976418001898,11.067828722037579,10.761810284535006,9.939866283523708,11.067828722037579,9.939866283523708,10.112976418001898,-1.1279624385138707,0.9548523040356809,False,True,-1.0414073712747758,synthetic_rv_proxy
2026-03-25,13.173892129331444,11.32578141756574,11.58164344534466,10.858437552356232,10.015734134164047,11.58164344534466,10.015734134164047,11.32578141756574,-1.5659093111806133,0.255862027778921,False,True,-0.910885669479768,synthetic_rv_proxy
2026-03-26,13.265666086122192,10.331579063032114,11.596588884112716,10.756019400242941,10.04384355509362,11.596588884112716,10.04384355509362,10.331579063032114,-1.5527453290190962,1.2650098210806018,False,True,-1.40887757504985,synthetic_rv_proxy
2026-03-27,9.57135484683358,9.722948583094194,11.07125967025724,10.701979669785626,9.777371730188921,11.07125967025724,9.777371730188921,9.722948583094194,-1.293887940068318,1.3483110871630455,False,True,-1.3210995136156818,synthetic_rv_proxy
2026-03-30,4.857808942915836,9.634288870370298,10.987338450992807,10.690540128047047,9.75679218658711,10.987338450992807,9.75679218658711,9.634288870370298,-1.2305462644056977,1.3530495806225087,False,True,-1.2917979225141032,synthetic_rv_proxy
2026-03-31,4.876612097655531,9.640359413950723,11.108432299416265,10.698946231177839,9.784397549325059,11.108432299416265,9.784397549325059,9.640359413950723,-1.3240347500912062,1.468072885465542,False,True,-1.3960538177783732,synthetic_rv_proxy
2026-04-01,2.242555858789415,9.26835096797706,11.120906333279127,10.614157936175658,9.781878545915436,11.120906333279127,9.781878545915436,9.26835096797706,-1.3390277873636904,1.8525553653020665,False,True,-1.5957915763328785,synthetic_rv_proxy
2026-04-02,8.227119271728094,10.414878697377668,10.861495910348081,10.678770040934559,9.923388711846082,10.861495910348081,9.923388711846082,10.414878697377668,-0.9381071985019993,0.4466172129704127,False,True,-0.692362205736206,synthetic_rv_proxy
2026-04-03,9.187745263306926,8.919770055177091,9.817499037519124,10.094532243012898,9.977651610044218,9.817499037519124,9.977651610044218,8.919770055177091,0.16015257252509407,0.8977289823420325,True,False,-0.3687882049084692,synthetic_rv_proxy
2026-04-06,10.2705695210644,8.419780574773268,9.923738474710778,9.906863766329835,9.92347372789647,9.923738474710778,9.92347372789647,8.419780574773268,-0.00026474681430777025,1.5039578999375092,False,True,-0.7521113233759085,synthetic_rv_proxy
2026-04-07,9.482232204233805,8.859128707831458,9.968744931637099,9.946556701259398,9.879735126358261,9.968744931637099,9.879735126358261,8.859128707831458,-0.08900980527883817,1.1096162238056415,False,True,-0.5993130145422398,synthetic_rv_proxy
2026-04-08,9.21546095127217,7.617912654104996,9.167980832857062,9.923458595101367,9.844450061049475,9.167980832857062,9.844450061049475,7.617912654104996,0.6764692281924134,1.5500681787520652,True,False,-0.43679947527982677,synthetic_rv_proxy
2026-04-09,13.369137538424802,10.612226335857768,10.511534140466825,10.39174792494338,10.274817941138869,10.511534140466825,10.274817941138869,10.612226335857768,-0.2367161993279563,-0.10069219539094298,False,True,-0.06801200196850665,synthetic_rv_proxy
2026-04-10,29.634267993077422,21.51189658936217,16.319438354630535,13.720366632600712,12.56483660260453,16.319438354630535,12.56483660260453,21.51189658936217,-3.754601752026005,-5.192458234731635,False,True,0.7189282413528133,synthetic_rv_proxy
2026-04-13,35.74942918904246,24.797906370640323,17.971370246534562,14.464808210588787,13.280639772617253,17.971370246534562,13.280639772617253,24.797906370640323,-4.690730473917309,-6.826536124105761,False,True,1.067902825094226,synthetic_rv_proxy
2026-04-14,35.92054254548427,24.98042805347678,18.071057770307288,14.455506251872933,13.357230605430404,18.071057770307288,13.357230605430404,24.98042805347678,-4.713827164876884,-6.9093702831694905,False,True,1.0977715591463024,synthetic_rv_proxy
2026-04-15,36.52390093079456,25.199786974429344,18.239308417279407,14.551682737002977,13.243761906771798,18.239308417279407,13.243761906771798,25.199786974429344,-4.995546510507609,-6.960478557149937,False,True,0.9824660233211624,synthetic_rv_proxy
2026-04-16,34.35506277438527,24.88724033181714,18.127216004453008,14.571123029141411,13.228967724811419,18.127216004453008,13.228967724811419,24.88724033181714,-4.898248279641589,-6.760024327364132,False,True,0.9308880238612716,synthetic_rv_proxy
2026-04-17,19.807768378698942,26.940267018617696,19.499644654557986,15.476805436491897,13.850438337587157,19.499644654557986,13.850438337587157,26.940267018617696,-5.6492063169708295,-7.44062236405971,False,True,0.8957080235444401,synthetic_rv_proxy
2026-04-20,16.807682616764563,26.691066695033648,19.05100432928379,15.395966497994909,13.836414330946345,19.05100432928379,13.836414330946345,26.691066695033648,-5.214589998337443,-7.640062365749859,False,True,1.212736183706209,synthetic_rv_proxy
2026-04-21,18.664920516921473,27.257575840681508,19.383182425677113,15.812871552500956,14.161086039882026,19.383182425677113,14.161086039882026,27.257575840681508,-5.222096385795087,-7.874393415004395,False,True,1.3261485146046539,synthetic_rv_proxy
2026-04-22,18.16976209173281,27.71947706154949,19.615377099769383,15.893457070302174,14.235817929751873,19.615377099769383,14.235817929751873,27.71947706154949,-5.37955917001751,-8.104099961780108,False,True,1.3622703958812998,synthetic_rv_proxy
2026-04-23,21.14899492357559,27.46160781983284,19.768345191013434,16.051531515931156,14.292397021755052,19.768345191013434,14.292397021755052,27.46160781983284,-5.475948169258382,-7.693262628819404,False,True,1.108657229780512,synthetic_rv_proxy
2026-04-24,26.271904762723658,22.068488054762714,22.199148434445625,17.609283475655342,15.399127438493917,22.199148434445625,15.399127438493917,22.068488054762714,-6.800020995951709,0.13066037968291155,False,True,-3.46534068781731,synthetic_rv_proxy
2026-04-27,25.6682475031628,20.579687895390588,22.216840025353132,17.50374829504574,15.39571738132532,22.216840025353132,15.39571738132532,20.579687895390588,-6.821122644027813,1.6371521299625442,False,True,-4.2291373869951805,synthetic_rv_proxy
2026-04-28,24.546025650633833,20.591684524813427,22.21253365986676,17.4617136700525,15.393808234593957,22.21253365986676,15.393808234593957,20.591684524813427,-6.818725425272804,1.6208491350533336,False,True,-4.219787280163068,synthetic_rv_proxy
2026-04-29,27.25307389192469,22.32100928777589,24.064276834003586,18.769794875537148,16.35855981826129,24.064276834003586,16.35855981826129,22.32100928777589,-7.7057170157422945,1.7432675462276954,False,True,-4.724492280984997,synthetic_rv_proxy
2026-04-30,20.37629589501668,22.10435022247448,24.29570378522994,18.9939325444206,16.512099072173083,24.29570378522994,16.512099072173083,22.10435022247448,-7.783604713056857,2.1913535627554594,False,True,-4.987479137906156,synthetic_rv_proxy
2026-05-01,26.698364422964882,24.98397687306421,24.995326088758613,19.29216701892013,16.87684232900303,24.995326088758613,16.87684232900303,24.98397687306421,-8.118483759755584,0.011349215694401948,False,True,-4.064916487724993,synthetic_rv_proxy
2026-05-04,26.782000520934652,24.733607495604833,24.986040121617734,19.050886502576493,16.562683588168362,24.986040121617734,16.562683588168362,24.733607495604833,-8.423356533449372,0.25243262601290084,False,True,-4.337894579731135,synthetic_rv_proxy
2026-05-05,26.72305750524734,24.347692817749394,24.828138393767393,19.110714551345577,16.557363815745386,24.828138393767393,16.557363815745386,24.347692817749394,-8.270774578022007,0.4804455760179991,False,True,-4.375610077020003,synthetic_rv_proxy
2026-05-06,22.006831320973745,23.886799498579883,25.03804809933427,19.531640167058455,16.891411662718927,25.03804809933427,16.891411662718927,23.886799498579883,-8.146636436615342,1.1512486007543856,False,True,-4.648942518684862,synthetic_rv_proxy
2026-05-07,24.92165267541103,22.646734553045892,25.658897178014268,19.843971462381184,17.410144547373925,25.658897178014268,17.410144547373925,22.646734553045892,-8.248752630640343,3.0121626249683757,False,True,-5.630457627804358,synthetic_rv_proxy
2026-05-08,13.280428155068021,20.37005657360782,25.496102804349697,19.816804254642246,17.38880300070765,25.496102804349697,17.38880300070765,20.37005657360782,-8.107299803642046,5.126046230741878,False,True,-6.616673017191964,synthetic_rv_proxy
2026-05-11,11.41790315463753,20.20661301717802,20.220639076066398,19.61827021288167,17.43964592862507,20.220639076066398,17.43964592862507,20.20661301717802,-2.780993147441329,0.01402605888837627,False,True,-1.3975096031648526,synthetic_rv_proxy
2026-05-12,19.062683372881196,21.93395795583234,20.370375128952688,19.696502105493817,17.44814837235016,20.370375128952688,17.44814837235016,21.93395795583234,-2.9222267566025266,-1.563582826879653,False,True,-0.6793219648614368,synthetic_rv_proxy
2026-05-13,21.80493681001463,20.719383313766688,21.311526838583383,20.02608312477807,17.608467243403698,21.311526838583383,17.608467243403698,20.719383313766688,-3.7030595951796847,0.5921435248166951,False,True,-2.14760155999819,synthetic_rv_proxy
2026-05-14,14.1424533297933,20.775999624698382,21.225355628202053,20.173727807301052,17.687588332355723,21.225355628202053,17.687588332355723,20.775999624698382,-3.5377672958463293,0.4493560035036701,False,True,-1.9935616496750015,synthetic_rv_proxy
2026-05-15,12.452902442012835,17.926918451938946,21.36684981228303,20.193825786477383,17.692569128081722,21.36684981228303,17.692569128081722,17.926918451938946,-3.6742806842013067,3.439931360344083,False,True,-3.557106022272695,synthetic_rv_proxy
2026-05-18,5.3028703197884886,18.771748377448983,21.114057575142358,20.33370113150266,17.767885981526256,21.114057575142358,17.767885981526256,18.771748377448983,-3.346171593616102,2.3423091976933748,False,True,-2.84424039565474,synthetic_rv_proxy
2026-05-19,5.248989130497661,18.99742808074944,21.44009778715395,20.201316275481307,17.781809367105474,21.44009778715395,17.781809367105474,18.99742808074944,-3.658288420048475,2.4426697064045086,False,True,-3.0504790632264935,synthetic_rv_proxy
2026-05-20,5.739728970577878,16.486034737364545,21.083895461642893,20.036356803288076,17.741466554516556,21.083895461642893,17.741466554516556,16.486034737364545,-3.3424289071263367,4.597860724278348,False,True,-3.9701448157023442,synthetic_rv_proxy
2026-05-21,5.397012080742559,10.160986255013889,20.891607860502333,20.086841411955564,17.745946371894714,20.891607860502333,17.745946371894714,10.160986255013889,-3.145661488607619,10.730621605488444,False,True,-6.938141547048032,synthetic_rv_proxy
2026-05-22,7.266466233988851,9.651521027405236,20.379785924793012,20.031174862208648,17.746319641055397,20.379785924793012,17.746319641055397,9.651521027405236,-2.633466283737615,10.728264897387776,False,True,-6.680865590562696,synthetic_rv_proxy
2026-05-25,6.2480084031770815,7.065622525768646,18.185254910222753,20.05203417546335,17.721726571643067,18.185254910222753,17.721726571643067,7.065622525768646,-0.46352833857968534,11.119632384454107,False,True,-5.791580361516896,synthetic_rv_proxy
2026-05-26,6.432198872141807,8.807423835323258,18.244274406556524,20.087797961254932,17.68897477466088,18.244274406556524,17.68897477466088,8.807423835323258,-0.5552996318956431,9.436850571233267,False,True,-4.996075101564454,synthetic_rv_proxy
2026-05-27,6.412434455886043,7.565084895237899,18.25693421577107,20.08604140021643,17.64481831022438,18.25693421577107,17.64481831022438,7.565084895237899,-0.6121159055466912,10.691849320533173,False,True,-5.651982613039932,synthetic_rv_proxy
2026-05-28,5.08756981735345,7.093262552714824,15.576760708929834,20.08331370789243,17.64217303495185,15.576760708929834,17.64217303495185,7.093262552714824,2.065412326022015,8.48349815621501,True,False,-3.2090429150964983,synthetic_rv_proxy
2026-05-29,6.620643610815087,7.25261053084855,15.044272784583631,20.142254427673283,17.674048725705088,15.044272784583631,17.674048725705088,7.25261053084855,2.6297759411214567,7.7916622537350815,True,False,-2.5809431563068124,synthetic_rv_proxy
2026-06-01,8.716401250422269,7.2494209310195235,13.880765436593116,20.07013519732801,17.562765251440936,13.880765436593116,17.562765251440936,7.2494209310195235,3.6819998148478206,6.631344505573592,True,False,-1.4746723453628867,synthetic_rv_proxy
2026-06-02,8.366171290862836,8.253990328145303,14.463413454213429,20.313832406246828,17.55047373967295,14.463413454213429,17.55047373967295,8.253990328145303,3.08706028545952,6.209423126068126,True,False,-1.5611814203043028,synthetic_rv_proxy
2026-06-03,15.520141337510982,11.395447036813152,14.890906324822787,20.429065011549994,17.712462791668695,14.890906324822787,17.712462791668695,11.395447036813152,2.8215564668459088,3.4954592880096342,True,False,-0.33695141058186273,synthetic_rv_proxy
2026-06-04,15.569907099653705,11.282801736002343,13.473135627030262,20.34442056210053,17.71230566852466,13.473135627030262,17.71230566852466,11.282801736002343,4.239170041494399,2.190333891027919,True,False,1.0244180752332408,synthetic_rv_proxy
2026-06-05,16.063253660747208,11.582766404108767,10.902375144246587,20.35227470399254,17.529373301486633,10.902375144246587,17.529373301486633,11.582766404108767,6.626998157240045,-0.68039125986218,True,False,3.6536947085511127,synthetic_rv_proxy
2026-06-08,15.563951151697438,11.957618599060488,10.749970856060905,20.230858475728787,17.571297191114407,10.749970856060905,17.571297191114407,11.957618599060488,6.821326335053502,-1.2076477429995833,True,False,4.014487039026543,synthetic_rv_proxy
2026-06-09,11.466954215289809,11.356506366043659,10.131993999597693,17.7189479609328,17.434065815421484,10.131993999597693,17.434065815421484,11.356506366043659,7.3020718158237905,-1.2245123664459658,True,False,4.263292091134879,synthetic_rv_proxy
2026-06-10,6.560194635025754,11.415837839272545,9.961153796017443,17.120973496878953,17.369213737177354,9.961153796017443,17.369213737177354,11.415837839272545,7.408059941159911,-1.4546840432551011,True,False,4.431371992207506,synthetic_rv_proxy
2026-06-11,7.059875441645315,11.457528557782737,9.300946711293502,17.143633062472595,17.389457087113108,9.300946711293502,17.389457087113108,11.457528557782737,8.088510375819606,-2.1565818464892352,True,False,5.122546111154421,synthetic_rv_proxy
2026-06-12,8.328798784273058,12.063469009360137,9.570409825182372,16.997615187737658,17.434796743999996,9.570409825182372,17.434796743999996,12.063469009360137,7.864386918817624,-2.493059184177765,True,False,5.178723051497695,synthetic_rv_proxy
2026-06-15,7.86538533943083,11.781425490685967,10.017243306901364,17.05458690981146,17.469862067552434,10.017243306901364,17.469862067552434,11.781425490685967,7.45261876065107,-1.7641821837846035,True,False,4.608400472217838,synthetic_rv_proxy
2026-06-16,8.74106230350374,9.630107218983444,9.701548856776595,16.530768245798633,17.487836955304424,9.701548856776595,17.487836955304424,9.630107218983444,7.786288098527828,0.07144163779315171,True,False,3.8574232303673384,synthetic_rv_proxy
2026-06-17,8.730149612537511,7.427148455071501,9.26901618485756,16.50634517542352,17.287829733309618,9.26901618485756,17.287829733309618,7.427148455071501,8.018813548452059,1.841867729786058,True,False,3.0884729093329994,synthetic_rv_proxy
2026-06-18,7.449652829855305,7.922847937184689,9.539235309167092,16.249524792271867,17.2016647874541,9.539235309167092,17.2016647874541,7.922847937184689,7.662429478287008,1.6163873719824027,True,False,3.023021053152302,synthetic_rv_proxy
2026-06-19,6.816938328450307,7.747198951661806,9.442849521912464,16.08611605434386,17.204590936466293,9.442849521912464,17.204590936466293,7.747198951661806,7.761741414553828,1.695650570250658,True,False,3.0330454221515843,synthetic_rv_proxy
2026-06-22,5.6346386300058775,6.474331451302076,9.432706789500047,15.816488379424525,17.15766090322375,9.432706789500047,17.15766090322375,6.474331451302076,7.724954113723703,2.958375338197971,True,False,2.3832893877628667,synthetic_rv_proxy
2026-06-23,4.756207868527783,6.638318380706114,9.401363463374071,14.321053480015195,17.164832882451535,9.401363463374071,17.164832882451535,6.638318380706114,7.763469419077463,2.763045082667958,True,False,2.5002121682047527,synthetic_rv_proxy
2026-06-24,5.597284447421553,6.925594599013467,9.21707155803541,14.328987462868515,17.175505237047652,9.21707155803541,17.175505237047652,6.925594599013467,7.958433679012241,2.291476959021944,True,False,2.833478359995148,synthetic_rv_proxy
2026-06-25,8.860131791691794,9.280154676283148,10.075489276567943,14.648178361796496,17.35426595355341,10.075489276567943,17.35426595355341,9.280154676283148,7.278776676985466,0.7953346002847947,True,False,3.2417210383503345,synthetic_rv_proxy
2026-06-26,7.457928645626268,8.830723584761474,10.162967091135476,13.008840187478357,17.37804897137522,10.162967091135476,17.37804897137522,8.830723584761474,7.215081880239746,1.3322435063740024,True,False,2.9414191869328707,synthetic_rv_proxy
2026-06-29,7.848626063359313,7.8000460866947146,10.052661813583413,12.639271824159767,17.378736436381136,10.052661813583413,17.378736436381136,7.8000460866947146,7.326074622797723,2.252615726888698,True,False,2.536729447954512,synthetic_rv_proxy
2026-06-30,7.743557632880664,7.736420410979133,9.669529920655021,11.815281652156735,17.24338229776236,9.669529920655021,17.24338229776236,7.736420410979133,7.573852377107338,1.9331095096758881,True,False,2.8203714337157244,synthetic_rv_proxy
2026-07-01,10.727394390027131,8.535055202576828,8.84876393391235,11.914130126466562,17.266899327632622,8.84876393391235,17.266899327632622,8.535055202576828,8.418135393720272,0.313708731335522,True,False,4.052213331192375,synthetic_rv_proxy
2026-07-02,6.6393912991078095,7.770484737637455,7.670750545530606,11.720155244305362,17.18919306324874,7.670750545530606,17.18919306324874,7.770484737637455,9.518442517718135,-0.09973419210684842,True,False,4.809088354912492,synthetic_rv_proxy
2026-07-03,7.2643617469993025,7.757097043187736,7.938024168412651,10.975162558606291,17.180126859989198,7.938024168412651,17.180126859989198,7.757097043187736,9.242102691576546,0.18092712522491539,True,False,4.530587783175816,synthetic_rv_proxy
2026-07-06,9.211914672162171,8.239671701456698,8.200791232928637,9.605516305868845,17.271268444671797,8.200791232928637,17.271268444671797,8.239671701456698,9.07047721174316,-0.038880468528061485,True,False,4.554678840135612,synthetic_rv_proxy
2026-07-07,11.080046413907262,9.025861126923347,8.619084481252619,9.73707001492732,17.22294150018105,8.619084481252619,17.22294150018105,9.025861126923347,8.603857018928432,-0.40677664567072824,True,False,4.505316832299579,synthetic_rv_proxy
2026-07-08,7.138293057597407,8.994197658045563,8.6824674842286,9.463730556202131,15.390771311739492,8.6824674842286,15.390771311739492,8.994197658045563,6.708303827510893,-0.31173017381696333,True,False,3.510017000663929,synthetic_rv_proxy
2026-07-09,4.657893971925227,7.825865857019646,8.679496460730634,9.291722575278616,14.908734076450052,8.679496460730634,14.908734076450052,7.825865857019646,6.229237615719418,0.8536306037109886,True,False,2.687803506004215,synthetic_rv_proxy
2026-07-10,8.358106492397004,10.31383334883635,10.082324526926442,9.585116454769166,15.245674136309715,10.082324526926442,15.245674136309715,10.31383334883635,5.163349609383273,-0.23150882190990885,True,False,2.69742921564659,synthetic_rv_proxy
2026-07-13,11.737850033177429,10.601529822041023,9.727352225695343,9.54087305013096,15.134687839263705,9.727352225695343,15.134687839263705,10.601529822041023,5.407335613568362,-0.8741775963456799,True,False,3.140756604957021,synthetic_rv_proxy
2026-07-14,13.839269218686013,11.826856050593024,9.626666223306984,9.743060090840926,15.18376423652035,9.626666223306984,15.18376423652035,11.826856050593024,5.557098013213366,-2.2001898272860405,True,False,3.8786439202497043,synthetic_rv_proxy
2026-07-15,13.799813657068762,10.620581085833832,9.619447797128327,9.599428441549787,14.71775037047679,9.619447797128327,14.71775037047679,10.620581085833832,5.098302573348462,-1.001133288705505,True,False,3.049717931026983,synthetic_rv_proxy
2026-07-16,14.006592526658931,10.571495123073571,9.610995511244244,9.436488046702905,14.710269167555213,9.610995511244244,14.710269167555213,10.571495123073571,5.099273656310968,-0.9604996118293272,True,False,3.0298866340701487,synthetic_rv_proxy
2026-07-17,7.803091106484349,10.582071087911197,9.196950396108832,9.508224827350713,14.489226091767824,9.196950396108832,14.489226091767824,10.582071087911197,5.292275695658992,-1.3851206918023653,True,False,3.3386981937306786,synthetic_rv_proxy
2026-07-20,7.507782832687283,10.619603558735776,9.095507848654185,9.498197067176365,14.399747771720486,9.095507848654185,14.399747771720486,10.619603558735776,5.3042399230663015,-1.5240957100815908,True,False,3.4141678165739453,synthetic_rv_proxy
2026-07-21,5.89821920559749,10.031388638205627,9.095852166553371,9.552897952544125,14.302626164013803,9.095852166553371,14.302626164013803,10.031388638205627,5.206773997460433,-0.9355364716522558,True,False,3.0711552345563433,synthetic_rv_proxy
2026-07-22,5.88665500809334,10.002610205154019,9.086385741151012,9.55124612281608,13.088834977477024,9.086385741151012,13.088834977477024,10.002610205154019,4.002449236326012,-0.9162244640030064,True,False,2.459336850164508,synthetic_rv_proxy
2026-07-23,9.603686192098305,11.336974868182274,9.900881777350248,9.67527746337689,13.184413761924798,9.900881777350248,13.184413761924798,11.336974868182274,3.28353198457455,-1.436093090832026,True,False,2.359812537703288,synthetic_rv_proxy
2026-07-24,8.898560359147515,7.9061999514861565,9.552213420857871,9.754736440502466,13.203263354475295,9.552213420857871,13.203263354475295,7.9061999514861565,3.651049933617424,1.6460134693717148,True,False,1.0025182321228545,synthetic_rv_proxy
2026-07-27,9.617032423260993,8.135832112239221,9.5472143727199,9.77822817176102,11.943056946025955,9.5472143727199,11.943056946025955,8.135832112239221,2.395842573306055,1.4113822604806785,True,False,0.4922301564126883,synthetic_rv_proxy
2026-07-28,8.032646594738456,7.499500519908471,9.620530354440117,9.778098985404757,11.675789499546642,9.620530354440117,11.675789499546642,7.499500519908471,2.0552591451065254,2.1210298345316456,True,False,-0.03288534471256099,synthetic_rv_proxy
